sourceKey,vertical,externalId,title,slug,category,shortTagline,description,priceMin,priceMax,currency,showPrice,timeline,materials,dimensions,status,featured,images,imageAlts,fields,seoTitle,seoDescription,url,firstSeen,lastSeen,contentHash
apex-resin,supplies,15891534872956,Resin and Craft Essentials: Clock Mechanism and Hands - 3cm Depth!,resin-and-craft-essentials-clock-mechanism-and-hands-3cm-depth,Tools,,"Clock Mechanism with Hands , Perfect for Resin Art and Mixed Media show stopping makes! Transform your resin art and mixed media creations into stunning, functional clocks with this Clock Mechanism Complete with Hands. Designed to add a professional and polished finish, it’s the perfect addition to create showstopping timepieces that combine art and practicality. Key Features: 3cm Shaft Length: Ideal for deep artworks, providing a secure fit for layered or thicker pieces. Versatile Design: Can also be used on shallow artworks—simply bridge the gap on top of the mechanism before fitting. Lou uses a wedge of putty. Complete with Hands: Includes everything you need to finish your clock, making it easy to assemble and customize. Whether you’re completing a statement resin clock or a mixed media masterpiece, this high-quality mechanism ensures precision and durability. Create art that doesn’t just decorate, it tells time in style! Perfect for: Resin art projects Mixed media creations Custom handmade clocks",7,7,INR,TRUE,,,,active,,https://cdn.shopify.com/s/files/1/2250/3519/files/WhatsAppImage2025-01-23at18.43.52_1.jpg?v=1770852350 | https://cdn.shopify.com/s/files/1/2250/3519/files/Copy_of_Black_Gold_Win_Giveaway_Special_Instagram_Post_4_1.png?v=1770852351,|,"{""tags"":[""Art Boards"",""Create & Bloom Crafts"",""Shopify Collective""],""vendor"":""Create & Bloom Crafts"",""productType"":""Tools""}",,,https://apexresin.co.uk/products/resin-and-craft-essentials-clock-mechanism-and-hands-3cm-depth,2026-07-08T05:45:20.102Z,2026-07-08T13:13:52.536Z,2a23d67a8ce797ec
apex-resin,supplies,15894241509756,"Nightshade – SUPREME Chameleon Pigment Powder for Resin, Crafts & Mixed Media 3g",nightshade-supreme-chameleon-pigment-powder-for-resin-crafts-mixed-media-3g,Mica Powder,,"Nightshade is not simply a colour; it is an atmosphere. A sumptuous, dark purple pigment that feels rich, velvety, and quietly powerful from the first glance. Its tone sits somewhere between midnight violet and shadowed amethyst, with an inky depth that feels both elegant and mysterious. In the light, subtle undertones emerge. Hints of aubergine, crushed plum, and soft blackened grape, giving it a sense of movement and intrigue without ever losing its moody sophistication. This is a pigment made for creators who are drawn to depth rather than brightness, drama rather than noise. Finely milled and luxuriously smooth, Nightshade offers intense, even coverage with a refined finish that feels polished and intentional. It is highly concentrated, meaning a small amount delivers a powerful result, making each pot feel like a deliberate indulgence rather than an everyday colour. Whether burnished into resin, brushed carefully into moulds, or layered into mixed media and surface work, Nightshade brings a sense of quiet confidence to your creations. It elevates pieces into something considered and expressive, perfect for statement designs, moody palettes, gothic-inspired work, or moments when your art calls for something darker, deeper, and more self-assured. Features: 3g of luxury mica pigment in a micro pot Deep, dark purple with rich violet and plum undertones Ultra-fine texture for smooth application and an elegant finish Highly concentrated for bold colour with minimal use Ideal for resin projects, mixed media, painting, embellishment, and detail work Nightshade is a pigment for artists who aren’t afraid of the dark, a refined, luxurious purple that adds depth, drama, and intention, and reminds you that not all beauty needs to shine to be powerful. Mica powder itself is a naturally occurring mineral and is widely recognised as non-toxic. While our Chameleon pigment powders are safe to handle and suitable for creative and craft applications, they are not certified as cosmetic grade . This means they have not been tested or approved to meet the specific regulatory standards required for use in cosmetic products intended for application on the skin, lips, or eyes.",18,18,INR,TRUE,,,,active,,https://cdn.shopify.com/s/files/1/2250/3519/files/Nightshade_purple_violet_pigment_for_crafts.png?v=1771174451,,"{""tags"":[""Create & Bloom Crafts"",""Resin Mica Pigment Powder"",""Shopify Collective""],""vendor"":""Create & Bloom Crafts"",""productType"":""Mica Powder""}",,,https://apexresin.co.uk/products/nightshade-supreme-chameleon-pigment-powder-for-resin-crafts-mixed-media-3g,2026-07-08T05:45:20.102Z,2026-07-08T13:13:52.536Z,6063041cac9ee5ef
apex-resin,supplies,15894241542524,"Mourning Ruby – SUPREME Chameleon Pigment Powder for Resin, Crafts & Mixed Media 3g",mourning-ruby-supreme-chameleon-pigment-powder-for-resin-crafts-mixed-media-3g,Mica Powder,,"Mourning Ruby is not just a pigment, it’s an indulgence. A richly decadent chameleon mica that feels dark, luxurious, and unapologetically opulent from the moment you open the pot. Its colour begins as a deep, velvety ruby before shifting through molten crimson, wine-dark plum, and flashes of glowing garnet as the light moves. Every angle reveals something new, creating depth and drama that feels almost alchemical. This is a supreme, high-shift chameleon designed for makers who appreciate the finer things in their craft. Finely milled and intensely concentrated, Mourning Ruby delivers a smooth, luminous finish with exceptional colour travel. A little goes a long way, making each pot feel like a small but powerful luxury, the kind you save for statement pieces, special commissions, or simply to treat yourself because creating should feel indulgent. Whether burnished into resin, brushed into moulds, or layered into mixed media work, Mourning Ruby transforms ordinary creations into something rich, moody, and unforgettable. It is a pigment to savour, to experiment with slowly, and to fall a little bit in love with every time you use it. Features: 2–3g of luxury chameleon mica pigment in a micro pot Intense ruby-to-crimson colour shift with deep, dramatic undertones Ultra-fine texture for smooth application and a refined finish Highly concentrated for maximum impact with minimal use Ideal for resin projects, mixed media, painting, embellishment, and detail work Mourning Ruby is a true treat for crafters and makers, a decadent, high-end pigment that turns creative moments into something special, and reminds you that your art deserves a little luxury too. Mica powder itself is a naturally occurring mineral and is widely recognised as non-toxic. While our Chameleon pigment powders are safe to handle and suitable for creative and craft applications, they are not certified as cosmetic grade . This means they have not been tested or approved to meet the specific regulatory standards required for use in cosmetic products intended for application on the skin, lips, or eyes.",18,18,INR,TRUE,,,,active,,https://cdn.shopify.com/s/files/1/2250/3519/files/Mourning_ruby_red_pigment_colour_shifting_to_gold.png?v=1771174451,,"{""tags"":[""Create & Bloom Crafts"",""Resin Mica Pigment Powder"",""Shopify Collective""],""vendor"":""Create & Bloom Crafts"",""productType"":""Mica Powder""}",,,https://apexresin.co.uk/products/mourning-ruby-supreme-chameleon-pigment-powder-for-resin-crafts-mixed-media-3g,2026-07-08T05:45:20.102Z,2026-07-08T13:13:52.536Z,010e12e13ba68ea3
apex-resin,supplies,15894241575292,Colour Shifting Chameleon Pigment - Moonshine,colour-shifting-chameleon-pigment-moonshine,Mica Powder,,"Illuminate your creations with Moonshine , an exquisite luxury chameleon pigment designed to bring luminous depth and refined magic to your mixed media work. Fine as dust and beautifully radiant, this premium pigment reveals a soft opal Tiffany blue-green base that gently shifts between an undertone of pink and muted teal as the light moves. The result is an ethereal, moonlit colour play that feels calm, modern, and quietly luxurious. Perfect for artists who love understated drama, Moonshine blends effortlessly into resin, paints, gels, and a wide range of creative mediums . Its silky texture ensures smooth application while delivering a mesmerising, light-reactive finish. Use sparingly for a subtle glow or build in layers for added depth, either way, Moonshine brings movement, elegance, and a tranquil sense of magic to every piece. Features: 10g pot of premium luxury chameleon pigment Fine, dust-like texture for smooth, even blending Opalescent turquoise base with soft teal colour shifts Chameleon effect that changes with light and viewing angle Ideal for resin art, mixed media, nail art, cosmetics, and creative projects High-quality pigment for exceptional luminosity and refined colour transitions A beautifully luminous chameleon pigment for artists seeking opal-inspired shimmer, serene blue-green tones, and truly elevated creative results.",21,21,INR,TRUE,,,,out_of_stock,,https://cdn.shopify.com/s/files/1/2250/3519/files/Widow_sOchreChameleon_18.png?v=1771174501 | https://cdn.shopify.com/s/files/1/2250/3519/files/WhatsAppImage2026-01-23at14.35.46.jpg?v=1771174500 | https://cdn.shopify.com/s/files/1/2250/3519/files/WhatsAppImage2026-01-23at14.41.28_4657ae1c-1f5e-430a-8b68-eea8d69565cd.jpg?v=1771174500 | https://cdn.shopify.com/s/files/1/2250/3519/files/WhatsAppImage2026-01-19at12.24.12_2_1.jpg?v=1771174500,|  |  |,"{""tags"":[""Create & Bloom Crafts"",""Resin Mica Pigment Powder"",""Shopify Collective""],""vendor"":""Create & Bloom Crafts"",""productType"":""Mica Powder""}",,,https://apexresin.co.uk/products/colour-shifting-chameleon-pigment-moonshine,2026-07-08T05:45:20.102Z,2026-07-08T13:13:52.536Z,c181e6b791c7f144
apex-resin,supplies,15894241706364,Simply Shimmering Interference Mica Powder - Secret Blue,simply-shimmering-interference-mica-powder-secret-blue,Mica Powder,,"Embrace the depth and intrigue of Secret Blue , a striking ghost interference powder with a cool blue undertone and a mesmerising colour-shifting effect that reveals luminous flashes as the light and viewing angle change. This refined pigment adds movement, atmosphere, and a modern edge to your creative work. Key Features: Ideal for resin art, mould work, polymer clay, and pouring arts. 10g in a Recyclable pot Finely milled for smooth, consistent application and seamless blending. Adds depth, clarity, and a contemporary feel to your designs. Blend with other pigments to create custom shades or enhance colour-shift effects. Excellent light fastness, maintaining vibrancy and brilliance under UV exposure. Resistant to heat up to 150 degrees Celsius. Suitable for adding subtle shimmer and cool-toned highlights to nails and cosmetic applications. Usage Tips: For resin pours, incorporate 1% for a soft, understated shimmer or increase up to 5% for a bold, high-impact interference effect. Compatible with epoxy, polyester, and polyurethane resins. Top Tip: Secret Blue Interference Powder pairs beautifully with dark bases and neutral tones, and can be blended with other Create and Bloom pigments to create oceanic hues, deepen shadows, or introduce a crisp colour shift to layered designs. Discover the magic of interference powders with Secret Blue , thoughtfully crafted to meet the highest standards of quality, safety, and reliability for your artistic projects.",6,6,INR,TRUE,,,,active,,https://cdn.shopify.com/s/files/1/2250/3519/files/Simply_Shimmering_Interference_Mica_Powder_-_Secret_Blue_1.png?v=1771174526 | https://cdn.shopify.com/s/files/1/2250/3519/files/SimplyShimmeringInterferenceMicaPowder-SecretBlue.png?v=1771174526,|,"{""tags"":[""Create & Bloom Crafts"",""Resin Mica Pigment Powder"",""Shopify Collective""],""vendor"":""Create & Bloom Crafts"",""productType"":""Mica Powder""}",,,https://apexresin.co.uk/products/simply-shimmering-interference-mica-powder-secret-blue,2026-07-08T05:45:20.102Z,2026-07-08T13:13:52.536Z,01837c4f12973f7a
apex-resin,supplies,15894241739132,Simply Shimmering Interference Mica Powder - Secret Green,simply-shimmering-interference-mica-powder-secret-green,Mica Powder,,"Embrace the mystique of Secret Green , a captivating ghost interference powder infused with a vibrant green undertone and an enchanting colour-shifting effect that dances and transforms with changes in light and viewing angle. This mesmerising pigment brings depth, movement, and a touch of magic to every creative piece. Key Features: Transformative Effect: A shifting green interference finish that reveals luminous flashes as the light moves. 10g in a Recyclable pot Ideal for resin art, mould work, polymer clay, and pouring arts. Finely milled for smooth, even application and effortless blending. Adds a fresh, energetic, and slightly mystical edge to your designs. Blend with other pigments to create custom shades or amplify colour-shift effects. Excellent light fastness, maintaining vibrancy and brilliance under UV exposure. Resistant to heat up to 150 degrees Celsius. Suitable for adding shimmering green highlights to nails and cosmetic applications. Usage Tips: For resin pours, use around 1% for a soft, subtle shimmer or increase up to 5% for a bold, eye-catching interference effect. Compatible with epoxy, polyester, and polyurethane resins. Top Tip: Secret Green Interference Powder blends beautifully with other Create and Bloom pigments, allowing you to deepen greens, create jewel-toned effects, or add an unexpected colour shift to darker bases. Discover the transformative beauty of interference pigments with Secret Green , thoughtfully crafted to meet the highest standards of quality, safety, and reliability for your creative projects.",6,6,INR,TRUE,,,,active,,https://cdn.shopify.com/s/files/1/2250/3519/files/Simply_Shimmering_Interference_Mica_Powder_Secret_Green_11.png?v=1771174526 | https://cdn.shopify.com/s/files/1/2250/3519/files/SimplyShimmeringInterferenceMicaPowderSecretGreen.png?v=1771174526,|,"{""tags"":[""Create & Bloom Crafts"",""Resin Mica Pigment Powder"",""Shopify Collective""],""vendor"":""Create & Bloom Crafts"",""productType"":""Mica Powder""}",,,https://apexresin.co.uk/products/simply-shimmering-interference-mica-powder-secret-green,2026-07-08T05:45:20.102Z,2026-07-08T13:13:52.536Z,2ce7e557af072d54
apex-resin,supplies,15894241771900,Simply Shimmering Interference Mica Powder - Secret Violet,simply-shimmering-interference-mica-powder-secret-violet,Mica Powder,,"Embrace the allure of Secret Violet , a captivating ghost interference powder with a rich violet undertone and a mesmerising colour-shifting effect that reveals luminous flashes as the light and viewing angle change. This enchanting pigment adds depth, drama, and elegance to every creative piece. Key Features: Shifting interference effect with a refined violet undertone. 10g in a Recyclable pot Ideal for resin art, mould work, polymer clay, and pouring arts. Finely milled for smooth, consistent application and seamless blending. Adds a sense of mystery, luxury, and creative expression to your designs. Blend with other pigments to create custom shades or enhance colour-shift effects. Excellent light fastness, maintaining vibrancy and brilliance under UV exposure. Resistant to heat up to 150 degrees Celsius. Perfect for adding luminous shimmer and depth to nails and cosmetic creations. Usage Tips: For resin pours, incorporate 1% for a soft, subtle shimmer or increase up to 5% for a more pronounced interference effect. Compatible with epoxy, polyester, and polyurethane resins. Top Tip: Secret Violet Interference Powder blends beautifully with other Create and Bloom pigments, allowing you to deepen purples, create jewel-toned finishes, or introduce a dramatic colour shift to darker bases. Discover the magic of interference powders with Secret Violet , thoughtfully crafted to meet the highest standards of quality, safety, and reliability for your artistic projects.",6,6,INR,TRUE,,,,active,,https://cdn.shopify.com/s/files/1/2250/3519/files/Secret_Powder_2.png?v=1771174526 | https://cdn.shopify.com/s/files/1/2250/3519/files/SimplyShimmeringInterferenceMicaPowder-SecretViolet.png?v=1771174527,|,"{""tags"":[""Create & Bloom Crafts"",""Resin Mica Pigment Powder"",""Shopify Collective""],""vendor"":""Create & Bloom Crafts"",""productType"":""Mica Powder""}",,,https://apexresin.co.uk/products/simply-shimmering-interference-mica-powder-secret-violet,2026-07-08T05:45:20.102Z,2026-07-08T13:13:52.536Z,d257b1b4fe99ed40
apex-resin,supplies,15894241804668,Simply Shimmering Interference Mica Powder - Secret Red,simply-shimmering-interference-mica-powder-secret-red,Mica Powder,,"Embrace the allure of Secret Red , a captivating interference powder infused with a subtle red undertone and a mesmerising colour-shifting shimmer that dances beautifully with changes in light and angle. Elegant yet sophisticated, this pigment brings depth, warmth, and a refined glow to your creative projects. Key Features: Shifting interference effect with a soft red undertone that reveals flashes of warmth and luminosity. 10g in a Recyclable pot Ideal for resin art, mould work, polymer clay, pouring arts, and mixed media creations. Finely milled for smooth, consistent application and effortless blending. Inspirational Adds richness, intrigue, and a sophisticated edge to your designs Blend with other pigments to create bespoke shades and enhance colour depth and shift. Excellent light fastness, maintaining vibrancy and shimmer under UV exposure. Resistant to heat up to 150 degrees Celsius. Suitable for adding shimmer and glow to nails and cosmetic creations. Usage Tips: For resin pours, incorporate around 1% for a soft, whisper-like shimmer or up to 5% for a more intense interference effect. Compatible with epoxy, polyester, and polyurethane resins. Top Tip: Secret Red Interference Powder blends beautifully with other Create and Bloom pigments to deepen tones, warm colour palettes, and create striking metallic or colour-shift effects. Discover the magic of interference powders with Secret Red, crafted to the highest standards of quality, safety, and reliability for artists who love depth, shimmer, and subtle drama in their work.",6,6,INR,TRUE,,,,active,,https://cdn.shopify.com/s/files/1/2250/3519/files/Simply_Shimmering_Interference_Mica_Powder_-_Secret_Red_1.png?v=1771174526 | https://cdn.shopify.com/s/files/1/2250/3519/files/Simply_Shimmering_Interference_Mica_Powder_-_Secret_Red.png?v=1771174527,|,"{""tags"":[""Create & Bloom Crafts"",""Resin Mica Pigment Powder"",""Shopify Collective""],""vendor"":""Create & Bloom Crafts"",""productType"":""Mica Powder""}",,,https://apexresin.co.uk/products/simply-shimmering-interference-mica-powder-secret-red,2026-07-08T05:45:20.102Z,2026-07-08T13:13:52.536Z,3bb1169b8e4d1ec2
apex-resin,supplies,15894242918780,Crumble & Sparkle Synthetic Mica Flake - Blushing At you,crumble-sparkle-synthetic-mica-flake-blushing-at-you,Mica Powder,,"Say hello to Blushing At You , a gorgeous shade of pink mica that’s sweet, confident, and just a little bit flirty. This beautifully texturised flake is soft yet eye-catching, this pink knows how to stand out without shouting, it’s blushing, not screaming. Blushing At You brings a warm, romantic glow to coasters, jewellery, trays, and decorative details, catching the light in all the right ways. Whether you’re leaning into pastel palettes , adding softness to bold designs, or creating pieces that feel full of charm, this glitter is not shy about being admired. Consider this your sign to lean into the pink, after all, if it’s blushing at you, it’s clearly meant to be. Features: 20g of mica flake in a reusable pot Texturised orb shape for added depth and dimensional sparkle Gorgeous pink tone with a soft, romantic finish Perfect for resin art, jewellery making, home décor, and creative projects Ideal for layering, accent details, or full statement pours If your creations are craving a little charm, warmth, and a touch of rosy confidence, Blushing At You is ready to steal the spotlight, no need to be shy about it.",7,7,INR,TRUE,,,,active,,https://cdn.shopify.com/s/files/1/2250/3519/files/A_beautiful_Pink_Mica_flake_perfect_for_texture_art.png?v=1771174733,,"{""tags"":[""Create & Bloom Crafts"",""Resin Mica Pigment Powder"",""Resin Sparkle"",""Shopify Collective""],""vendor"":""Create & Bloom Crafts"",""productType"":""Mica Powder""}",,,https://apexresin.co.uk/products/crumble-sparkle-synthetic-mica-flake-blushing-at-you,2026-07-08T05:45:20.102Z,2026-07-08T13:13:52.536Z,8b189d0784171798
apex-resin,supplies,15894242951548,Simply Shimmering Mixed Media Ocean Blue Mica Powder  - Paradise,simply-shimmering-mixed-media-ocean-blue-mica-powder-paradise,Mica Powder,,"Cool, captivating, and endlessly dreamy, Paradise is a Simply Shimmering Mixed Media ocean blue mica powder inspired by sunlit seas, clear horizons, and that just-one-more-dip feeling. This striking blue shimmers with depth and clarity, capturing the movement and magic of water in full colour. Finely milled for a smooth, even blend, Paradise mixes effortlessly into resin, eco-resin, polymer clay, mixed media, and papercrafts. Whether you’re creating coastal-inspired homewares, statement jewellery, or flowing abstract designs, this shade brings calm confidence and a splash of escapism to every piece. Consider this your creative getaway no passport required. Features: 10g pot of premium mica powder Ocean blue tone with a rich shimmering finish Finely milled for smooth, even colour distribution Suitable for resin, eco-resin, polymer clay, mixed media, papercrafts, and candle making Designed for creative and craft use Usage Information: This mica powder is designed for creative and craft use and has not been certified as cosmetic grade. A fresh, fluid blue that pours like a dream and shimmers like sunlight on water, welcome to Paradise. Perfect for Resin Beach art.",6,6,INR,TRUE,,,,active,,https://cdn.shopify.com/s/files/1/2250/3519/files/Ocean_blue_mica_pigment_powder_fore_resin_art.png?v=1771174734 | https://cdn.shopify.com/s/files/1/2250/3519/files/Ocean_blue_mica_pigment_powder_fore_resin_art.jpg?v=1771174732,|,"{""tags"":[""Create & Bloom Crafts"",""Resin Mica Pigment Powder"",""Shopify Collective""],""vendor"":""Create & Bloom Crafts"",""productType"":""Mica Powder""}",,,https://apexresin.co.uk/products/simply-shimmering-mixed-media-ocean-blue-mica-powder-paradise,2026-07-08T05:45:20.102Z,2026-07-08T13:13:52.536Z,c1d022a6ec64b225
apex-resin,supplies,15894242984316,Crumble & Sparkle Synthetic Mica Flake - Sunny Bunny,crumble-sparkle-synthetic-mica-flake-sunny-bunny,Glitter,,"Bright, bold, and impossible to ignore, Sunny Bunny is a super neon yellow mica flake that brings instant joy and high-impact colour to your creative projects. These lightweight mica flakes offer a beautiful balance of shimmer and texture, catching the light effortlessly while adding movement and depth to resin, mixed media, and decorative artwork. Sprinkle it onto a finished neon pop dirty pour to highlight cells, enhance texture, and add that final burst of glow where the light naturally hits. It can also be layered between resin pours, scattered over tacky surfaces, or gently embedded for depth and dimension. If you love bold resin finishes that feel playful, expressive, and unapologetically bright, this shade is ready to shine. Please note: when mixed directly into resin , this flake creates a soft pastel finish. Features: Pastel neon yellow mica flakes with high-impact shimmer Lightweight flakes for easy layering and creative control Perfect for resin art, mixed media, acrylic pours, and decorative projects Ideal for sprinkling, embedding, or surface detailing Adds texture, movement, and light-catching dimension Suitable for beginners and experienced creatives alike If your creations are calling out for bold colour and feel-good energy, Sunny Bunny is ready to bounce straight into your next project and steal the spotlight.",7,7,INR,TRUE,,,,active,,https://cdn.shopify.com/s/files/1/2250/3519/files/Pastel_Yellow_Mica_flakes_for_crafts.png?v=1771174733,,"{""tags"":[""Create & Bloom Crafts"",""Resin Mica Pigment Powder"",""Resin Sparkle"",""Shopify Collective""],""vendor"":""Create & Bloom Crafts"",""productType"":""Glitter""}",,,https://apexresin.co.uk/products/crumble-sparkle-synthetic-mica-flake-sunny-bunny,2026-07-08T05:45:20.102Z,2026-07-08T13:13:52.536Z,f0ac68b305d90aef
apex-resin,supplies,15894244032892,Metallic Foil Leaf Flakes for Resin and Mixed Media Art,metallic-foil-leaf-flakes-for-resin-and-mixed-media-art,Glitter,,"Bring instant impact and shimmering texture to your creations with our Metallic Foil Leaf Flakes. Designed to add depth, light and a luxe metallic finish, these foil flakes are perfect for resin art, mixed media pieces, decorative homeware and creative craft projects. Each colour catches the light beautifully, creating striking highlights and layered effects whether used sparingly or built up for bold, statement designs. Available in a curated range of metallic shades including silver, gold, black, purple, pink and rich bronze tones. Features : 10g large pot for excellent value and long-lasting use Easy to layer, scatter or embed for creative effects. Perfect for adding texture, contrast and visual interest. A must-have finishing touch for artists and makers who love bold shine, beautiful texture and creative freedom. NB: These flakes may vary in appearance in the pot. Some colours may look fuller than others due to differences in weight.",18,18,INR,TRUE,,,,active,,https://cdn.shopify.com/s/files/1/2250/3519/files/rn-image_picker_lib_temp_a233b61b-04a5-424e-9ad3-a64a7ba2c223.png?v=1771174919 | https://cdn.shopify.com/s/files/1/2250/3519/files/rn-image_picker_lib_temp_952e55c9-4837-4b09-8f4a-ed2eb315118c.png?v=1771174920 | https://cdn.shopify.com/s/files/1/2250/3519/files/rn-image_picker_lib_temp_5fd31968-ca86-4c89-b964-2f1dc851e539.png?v=1771174920 | https://cdn.shopify.com/s/files/1/2250/3519/files/rn-image_picker_lib_temp_a5f580bc-42d7-44e1-a983-7758684995fe.png?v=1771174919 | https://cdn.shopify.com/s/files/1/2250/3519/files/rn-image_picker_lib_temp_6a202309-ba8d-418e-ac9a-896b3ebd8ccb.png?v=1771174920 | https://cdn.shopify.com/s/files/1/2250/3519/files/rn-image_picker_lib_temp_da26aab5-e12a-4adf-a66a-63beeccfdc29.png?v=1771174920,|  |  |  |  |,"{""tags"":[""Create & Bloom Crafts"",""Resin Sparkle"",""Shopify Collective""],""vendor"":""Create & Bloom Crafts"",""productType"":""Glitter""}",,,https://apexresin.co.uk/products/metallic-foil-leaf-flakes-for-resin-and-mixed-media-art,2026-07-08T05:45:20.102Z,2026-07-08T13:13:52.536Z,274c158394fab025
apex-resin,supplies,15894244393340,Ocean Paradise Resin Craft Kit – Pink & Gold Ocean Resin Art Kit with Apex One Coat Epoxy Resin,ocean-paradise-resin-craft-kit-pink-gold-ocean-resin-art-kit-with-apex-one-coat-epoxy-resin,Craft Kit,,"Create dreamy, ocean-inspired resin artwork with the Ocean Paradise Resin Craft Kit , a beautifully curated kit designed for resin artists and creative makers who love soft pinks, shimmering golds, and coastal textures. Inspired by tranquil tropical shores, this all-in-one resin craft kit allows you to create stunning pink ocean resin art with ease. Whether you’re new to resin or an experienced epoxy resin artist, this kit offers a smooth, guided creative experience with professional-quality results. At the heart of the kit is Apex Resin , a premium epoxy resin known for its crystal-clear finish, high gloss, and built-in UV protection. This ensures your resin artwork stays vibrant, durable, and beautifully finished over time. To bring your ocean scenes to life, the kit includes real seashells, crisp white sand, and a carefully selected blend of pink and gold resin pigments. A high-quality Puffball White lacing pigment is included to help you achieve soft, foamy wave effects that add movement and depth to your creations. With enough epoxy resin to create three individual resin art pieces , the Ocean Paradise Resin Craft Kit is perfect for crafting solo, hosting a creative session with friends, or gifting to a fellow resin lover. What’s Included: Apex One Coat Epoxy Resin & Hardener Mixing cups and stirring sticks Nitrile gloves MDF boards for pouring Pink, gold and white resin pigments Textural elements including real shells and white sand Step-by-step instruction booklet Inspiration card Exclusive discount code for future resin purchases Every kit includes full health and safety guidance , and we strongly recommend reading these instructions before starting your resin project. Safety information is included inside the kit. This resin craft kit is ideal for creating coastal-inspired wall art, decorative pieces, or mindful creative moments that feel both calming and indulgent. ✨ A perfect choice for artists seeking soft colour, elegant texture, and resin art that truly captures ocean serenity.",48,48,INR,TRUE,,,,active,,https://cdn.shopify.com/s/files/1/2250/3519/files/Learn_ocean_paradise_learn_resin_craft_kit_make_waves_in_resin.png?v=1771175140 | https://cdn.shopify.com/s/files/1/2250/3519/files/Learn_resin_art_resin_ocean_resin_kit.jpg?v=1771175140 | https://cdn.shopify.com/s/files/1/2250/3519/files/Learn_resin_resin_art_resin_ocean.jpg?v=1771175139,|  |,"{""tags"":[""Create & Bloom Crafts"",""Resin Starter Kit"",""Shopify Collective""],""vendor"":""Create & Bloom Crafts"",""productType"":""Craft Kit""}",,,https://apexresin.co.uk/products/ocean-paradise-resin-craft-kit-pink-gold-ocean-resin-art-kit-with-apex-one-coat-epoxy-resin,2026-07-08T05:45:20.102Z,2026-07-08T13:13:52.536Z,ea5101be62689beb
apex-resin,supplies,15894244655484,Help me Lou! 1-to-1 Private Tuition in Bourton or on Zoom,help-me-lou-1-to-1-private-tuition-in-bourton-or-on-zoom,Class,,"Unable to make a workshop? No problem: you can book a 1-to-1 tutorial with me. Perhaps you are keen to learn the ins and outs of resin, preserve some beautiful flowers, or work with clay. Whatever it is, a personal workshop tailored to your learning is just what you are looking for. Prices start from £40 per hour which includes all materials. (There may be a requirement for postage, to return items to you, this will be required as extra). – come and visit me or let’s meet over Zoom. Maybe you want to craft for health and wellbeing with a fellow crafter, this too is available – at the Bourton studio, in your own home (within an 8 mile radius) or via zoom. The price quoted does not include tools or materials. We can discuss whether you need materials (at an extra cost) this on the phone or email once a booking has been made. Once I have received your booking I will email you to set a suitable date and time. Hope to see you soon x",55,300,INR,TRUE,,,,active,,https://cdn.shopify.com/s/files/1/2250/3519/files/Create_BloomLouise.jpg?v=1771175284,,"{""tags"":[""Bloom Class"",""Create & Bloom Crafts"",""Resin Course"",""Shopify Collective""],""vendor"":""Create & Bloom Crafts"",""productType"":""Class""}",,,https://apexresin.co.uk/products/help-me-lou-1-to-1-private-tuition-in-bourton-or-on-zoom,2026-07-08T05:45:20.102Z,2026-07-08T13:13:52.536Z,363e9eb3492c306f
apex-resin,supplies,15894244688252,Help me Lou! Zoom 1-to-1 Private Tuition: Instagram Tips & Tricks,help-me-lou-zoom-1-to-1-private-tuition-instagram-tips-tricks,Class,,"Are you using Instagram to its best advantage? Do you understand hashtags and how to truly engage with your followers? It can be so daunting at first, and especially when Insta change the algorithm all the time. Book an hour with me and together we will work out a plan to get your Insta the attention it deserves, AND it will all be tailored to you! When you book, please send me an email with a brief outline of what you have tried so far, where your work is listed (or where you would like to sell your work) and what social media you are using (along with your handles). That will help me make the session totally unique for you. The price quoted is for one hour of my time. It does not include tools or materials. We can discuss whether you need materials (at an extra cost) this on the phone or email once a booking has been made. Once I have received your booking I will email you to set a suitable date and time. You will need access to good wifi. Hope to see you soon x",55,55,INR,TRUE,,,,active,,https://cdn.shopify.com/s/files/1/2250/3519/files/Create_BloomHelpMeLouInsta.jpg?v=1771175285,,"{""tags"":[""Bloom Class"",""Create & Bloom Crafts"",""Resin Course"",""Shopify Collective""],""vendor"":""Create & Bloom Crafts"",""productType"":""Class""}",,,https://apexresin.co.uk/products/help-me-lou-zoom-1-to-1-private-tuition-instagram-tips-tricks,2026-07-08T05:45:20.102Z,2026-07-08T13:13:52.536Z,d55bd3840e0cbb4e
apex-resin,supplies,15894244852092,Premium Sparkling Fine Holographic Glitter: Snowdrift!,premium-sparkling-fine-holographic-glitter-snowdrift,Glitter,,"The tiniest of particles that have been cleverly blended with ultra fine, diamond-like glitter flecks; that make gorgeous subtle prismatic hues are now available. Try delicately blending them into your resin moulds before a pour or simply add them to your pouring medium; the most cost-effective way to reproduce a diamond finish in your sparkly makes is to use Mirage Dust. No Unicorns were harmed in the making of any Mirage sparkles, therefore they are Cruelty free and Vegan friendly. Fade resistant, solvent-resistant, high heat-tolerant and made for crafting! Stick this eye-catching glitter on your nails, in your paint, sprinkle it on polymer clay, stir it into resin, use it on homemade cards, add it to tumblers and even slap it on your body (but not your face) for Glasto… the list is endless. 0.05mm hexagons Approx 15g in a refillable screw top tub or refill bag.",5,6,INR,TRUE,,,,active,,https://cdn.shopify.com/s/files/1/2250/3519/files/Create-And-Bloom-Mirage-Dust-Glitter-4_9a9712c7-9f4e-4445-a316-782f1e40085d.jpg?v=1771175463,,"{""tags"":[""Create & Bloom Crafts"",""Resin Sparkle"",""Shopify Collective""],""vendor"":""Create & Bloom Crafts"",""productType"":""Glitter""}",,,https://apexresin.co.uk/products/premium-sparkling-fine-holographic-glitter-snowdrift,2026-07-08T05:45:20.102Z,2026-07-08T13:13:52.536Z,9c7a414ec7a0713a
apex-resin,supplies,15894244884860,Luxury Sparkle Glitter Mix: Sugar Plum!,luxury-sparkle-glitter-mix-sugar-plum,Mica Powder,,"Step into a magical wonderland with Sugar Plum, a dreamy Pinky-purple superfine luxe glitter that sparkles like a frosty twilight. Its delicate shimmer adds a touch of enchantment to any craft, perfect for creating whimsical resin art, dazzling decorations, or elegant finishing touches. This glitter is your ticket to a sparkly fairy-tale Why Choose Create and Bloom Magic Mica Sparkle Mix? Sourced from the finest materials, ensuring premium quality and safety. 5g Recyclable pot Ideal for arts and crafts, cosmetics, & nail art Perfect for creating eye-catching designs with a luxurious finish. Add the Ultimate Show-Stopping hand mixed Sparkle to your collection today and let your creations shine with unmatched gorgeousness.",6,6,INR,TRUE,,,,active,,https://cdn.shopify.com/s/files/1/2250/3519/files/WhatsAppImage2024-12-06at10.55.08_2.jpg?v=1771175463 | https://cdn.shopify.com/s/files/1/2250/3519/files/WhatsApp_Image_2024-12-06_at_11.03.25_2.jpg?v=1771175463,|,"{""tags"":[""Create & Bloom Crafts"",""Resin Sparkle"",""Shopify Collective""],""vendor"":""Create & Bloom Crafts"",""productType"":""Mica Powder""}",,,https://apexresin.co.uk/products/luxury-sparkle-glitter-mix-sugar-plum,2026-07-08T05:45:20.102Z,2026-07-08T13:13:52.536Z,b516c160befe43d3
apex-resin,supplies,15894244950396,Luxury Glitter Dust: Whispering Steel!,luxury-glitter-dust-whispering-steel,Mica Powder,,"This spellbinding Luxe Glitter is an essential for creatives looking to elevate their projects with unmatched depth and a dynamic, sparkling allure. Infuse your art with the magic of Whispering Steel, where every sparkle tells a story of adventure, creativity, and otherworldly Silvery beauty. Why Choose Create and Bloom Magic Mica Sparkle Mix? Sourced from the finest materials, ensuring premium quality and safety. 5g - Recyclable pot Ideal for arts and crafts, cosmetics, nail art, and more Perfect for creating eye-catching designs with a luxurious finish. Indulge in the luxurious beauty of deep steely silvers. Add the Ultimate Show-Stopping Mica Sparkle Mix to your collection today and let your creations shine with unmatched gorgeousness",6,6,INR,TRUE,,,,active,,https://cdn.shopify.com/s/files/1/2250/3519/files/WhatsAppImage2024-12-06at10.54.43_1.jpg?v=1771175468 | https://cdn.shopify.com/s/files/1/2250/3519/files/WhatsApp_Image_2024-12-06_at_10.57.45_1.jpg?v=1771175468,|,"{""tags"":[""Create & Bloom Crafts"",""Resin Sparkle"",""Shopify Collective""],""vendor"":""Create & Bloom Crafts"",""productType"":""Mica Powder""}",,,https://apexresin.co.uk/products/luxury-glitter-dust-whispering-steel,2026-07-08T05:45:20.102Z,2026-07-08T13:13:52.536Z,26bb6fc8deedcf98
apex-resin,supplies,15894245245308,Deluxe Velvet Mould Glitter Dust: Rose Whisper!,deluxe-velvet-mould-glitter-dust-rose-whisper,Glitter,,"Introducing Rose Whisper, a delicate yet dazzling pigment that brings a soft, romantic shimmer to your resin and mixed media pours. This elegant blush pink powder captures the subtle beauty of a blooming rose, with a fine sparkle that enhances any project. Perfect for resin art, this show stopping sparkle blends seamlessly into your creations, offering a smooth, velvety finish that glows with understated glamour. Whether you’re working with glitter, mica, or resin, Rose Whisper adds a gentle, radiant touch to your designs, making it ideal for crafters who want to create refined, sparkling masterpieces. Mixed glitter dust Approx. 5g in a refillable screw top tub Perfect for Mixed Media Heat tolerant for making candle accessories UV tolerant Note: These flakes are a limited edition",7,7,INR,TRUE,,,,active,,https://cdn.shopify.com/s/files/1/2250/3519/files/WhatsAppImage2024-10-11at10.32.41_1.jpg?v=1771175652,,"{""tags"":[""Create & Bloom Crafts"",""Resin Sparkle"",""Shopify Collective""],""vendor"":""Create & Bloom Crafts"",""productType"":""Glitter""}",,,https://apexresin.co.uk/products/deluxe-velvet-mould-glitter-dust-rose-whisper,2026-07-08T05:45:20.102Z,2026-07-08T13:13:52.536Z,4e72dbcdfb1cb789
apex-resin,supplies,15894245310844,Deluxe Velvet Mould Glitter Dust: Moonlit Velvet!,deluxe-velvet-mould-glitter-dust-moonlit-velvet,Glitter,,"Introducing Moonlit Velvet, the most captivating, majestic violet mica glitter that shimmers with the subtle glow of moonlight. This is no ordinary glitter; its fine, velvety texture feels like liquid dust, creating an ethereal finish that’s simply out of this world. Perfect for adding a touch of magic to your resin art, it can be sprinkled into your mould before a pour, transforming your creations into soft, velvety masterpieces. This Limited Edition glitter brings the mystique of the night sky to your fingertips. If you fall in love with its celestial allure, we’ll bring it back to the Bloom shelves for good! Mixed glitter dust Approx 5g in a refillable screw top tub Perfect for Mixed Media Heat tolerant for making candle accessories UV tolerant",8,8,INR,TRUE,,,,active,,https://cdn.shopify.com/s/files/1/2250/3519/files/WhatsAppImage2024-10-11at19.36.31_1.jpg?v=1771175658,,"{""tags"":[""Create & Bloom Crafts"",""Resin Sparkle"",""Shopify Collective""],""vendor"":""Create & Bloom Crafts"",""productType"":""Glitter""}",,,https://apexresin.co.uk/products/deluxe-velvet-mould-glitter-dust-moonlit-velvet,2026-07-08T05:45:20.102Z,2026-07-08T13:13:52.536Z,ae84e5b816fb927a
apex-resin,supplies,15894245441916,Velvet Glitter Dust: Cotton Tail!,velvet-glitter-dust-cotton-tail,Glitter,,"A stunning rose gold champagne-coloured glitter dust that redefines crafting elegance! This revolutionary glitter behaves like traditional glitter while adding a magical sparkle to all your projects. With a unique twist, it resembles a velvety micro-flakey dust, elevating your creations with an ethereal shimmer that is simply breathtaking. Key Features: Recyclable Packaging: Each 5g pot comes in a fully recyclable container, ensuring your packaging choice contributes to a greener planet. Artisan Quality: Hand mixed and potted with love in the Bloom studio by Lou. Top Tip: Dust your mould with Cotton Tail before an eco resin pour, the results will be absolutely stunning!",7,7,INR,TRUE,,,,active,,https://cdn.shopify.com/s/files/1/2250/3519/files/WhatsAppImage2024-09-26at11.07.56_1.jpg?v=1771175683 | https://cdn.shopify.com/s/files/1/2250/3519/files/WhatsAppImage2024-09-26at11.08.03_1.jpg?v=1771175683,|,"{""tags"":[""Create & Bloom Crafts"",""Resin Sparkle"",""Shopify Collective""],""vendor"":""Create & Bloom Crafts"",""productType"":""Glitter""}",,,https://apexresin.co.uk/products/velvet-glitter-dust-cotton-tail,2026-07-08T05:45:20.102Z,2026-07-08T13:13:52.536Z,5ed9e50ab2778397
apex-resin,supplies,15894245605756,Super Special Goddess Flakes: Aqua Polychromatic Glitter,super-special-goddess-flakes-aqua-polychromatic-glitter,Glitter,,"This isn’t just any glitter. Oh no. It’s a symphony of light, meticulously crafted to captivate and enchant. Imagine a glitter that dances like the aurora with endless colours, a sparkle that is both vibrant and dynamic, changing with every glance. Goddess Flakes aren’t just an addition to your Bloom collection… They’re a whole new obsession. Fade resistant, solvent-resistant, high heat-tolerant and made for crafting! Stick this eye-catching glitter on your nails, in your paint, sprinkle it on polymer clay, stir it into resin, use it on homemade cards, add it to tumblers and even slap it on your body for Glasto… the list is endless. Mixed Chameleon reflective flakes Approx 1g in a refillable screw top tub",11,11,INR,TRUE,,,,active,,https://cdn.shopify.com/s/files/1/2250/3519/files/WhatsAppImage2025-03-28at10.38.23_1.jpg?v=1771175800,,"{""tags"":[""Create & Bloom Crafts"",""Resin Sparkle"",""Shopify Collective""],""vendor"":""Create & Bloom Crafts"",""productType"":""Glitter""}",,,https://apexresin.co.uk/products/super-special-goddess-flakes-aqua-polychromatic-glitter,2026-07-08T05:45:20.102Z,2026-07-08T13:13:52.536Z,41ef1234691ce3c9
apex-resin,supplies,15894283747708,Pearl Resin Pigment: Leaf Vein,pearl-resin-pigment-leaf-vein,Opaque Resin Pigments,,"Leaf Vein is a beautiful leafy green pigment meticulously crafted to emulate the ethereal allure of nature, capturing its vibrancy and grace. This hue is a radiant gem, reflecting the intricate shades of a lush forest. The captivating play of light and colour will elevate your resin creations to new heights, adding a touch of magic and sophistication to any project. Crafted with precision and passion, Bloom pearl metal pigments ensure seamless integration into your epoxy resin masterpieces. Whether you're a seasoned artisan or a creative enthusiast, these pigments offer a unique opportunity to infuse your projects with the enchantment of nature. Leaf Vein = Green Pearl Resin Pigment 20g glass recyclable jar Lightfast & UV stable Colour swatch on side and top so you can see the colour when stored Bloom Pearl pigments in resin are special for several reasons, Aesthetic Appeal Luminous Finish : Pearl pigments contain mica particles coated with titanium dioxide or other minerals, which give them a pearlescent, iridescent quality. This results in a shimmering, metallic finish that catches and reflects light beautifully. Depth and Dimension : When mixed with resin, pearl pigments create a multi-dimensional effect. This adds depth to your artwork, making it appear more dynamic and visually appealing. Particularly special in resin tables and artwork pours. Vibrant Colours : The colours of pearl pigments are rich and vibrant. They range from subtle, elegant hues to bold, striking shades, allowing for versatile design possibilities. Ease of Use Mixing : Pearl pigments are easy to mix with resin. They disperse evenly, ensuring a consistent finish without clumping or settling at the bottom. Compatibility : They are compatible with different types of resins, including epoxy and UV resins (tiny measures). This compatibility makes them accessible to a wide range of users. Durability Colour Stability : As with all Bloom pigments, Pearl pigments are known for their colour stability and resistance to fading over time. This ensures that your resin creations maintain their beauty for years. Heat and Chemical Resistance : These pigments often have good resistance to heat and chemicals, making them suitable for various functional and decorative applications. NB: For a transparent pearl finish, use less; for a more opaque finish, use more. Ensure the final mix contains no more than 8% to guarantee successful curing.",9,9,INR,TRUE,,,,out_of_stock,,https://cdn.shopify.com/s/files/1/2250/3519/files/PearlLeafVein.jpg?v=1771187676 | https://cdn.shopify.com/s/files/1/2250/3519/files/Pearl_Pigments_da535777-7ea1-4525-8db0-c1dfce0a62c6.jpg?v=1771187676,|,"{""tags"":[""Create & Bloom Crafts"",""Resin Pigment Paste"",""Shopify Collective""],""vendor"":""Create & Bloom Crafts"",""productType"":""Opaque Resin Pigments""}",,,https://apexresin.co.uk/products/pearl-resin-pigment-leaf-vein,2026-07-08T05:45:20.102Z,2026-07-08T13:13:52.536Z,7f8493a838f81b53
apex-resin,supplies,15894283780476,Pearl Resin Pigment: Hummingbird,pearl-resin-pigment-hummingbird,Opaque Resin Pigments,,"Hummingbird: the exquisite pigment that is meticulously crafted to emulate the ethereal allure of the Hummingbird, capturing its iridescence and grace. Immerse yourself in the transformative possibilities as you explore my new Pearl Epoxy Pigment Paste range specially designed for resin pouring projects. This hue is a radiant jewel, reflecting the intricate hues of a Hummingbird's feathers. The captivating play of light and colour will elevate your resin creations to new heights, adding a touch of magic and sophistication to any resin creation. Crafted with precision and passion, my pearl metal Pigments ensure a seamless integration into your epoxy resin masterpieces. Whether you're a seasoned artisan or a creative enthusiast, my pigments offer a unique opportunity to infuse your projects with the enchantment of nature. Hummingbird = Turquoise Pearl Resin Pigment 20g glass recyclable jar Lightfast & UV stable Colour swatch on side and top so you can see the colour when stored Aesthetic Appeal Luminous Finish : Pearl pigments contain mica particles coated with titanium dioxide or other minerals, which give them a pearlescent, iridescent quality. This results in a shimmering, metallic finish that catches and reflects light beautifully. Depth and Dimension : When mixed with resin, pearl pigments create a multi-dimensional effect. This adds depth to your artwork, making it appear more dynamic and visually appealing. Particularly special in resin tables and artwork pours. Vibrant Colours : The colours of pearl pigments are rich and vibrant. They range from subtle, elegant hues to bold, striking shades, allowing for versatile design possibilities. Ease of Use Mixing : Pearl pigments are easy to mix with resin. They disperse evenly, ensuring a consistent finish without clumping or settling at the bottom. Compatibility : They are compatible with different types of resins, including epoxy and UV resins (tiny measures). This compatibility makes them accessible to a wide range of users. Durability Colour Stability : As with all Bloom pigments, Pearl pigments are known for their colour stability and resistance to fading over time. This ensures that your resin creations maintain their beauty for years. Heat and Chemical Resistance : These pigments often have good resistance to heat and chemicals, making them suitable for various functional and decorative applications. NB: For a transparent pearl finish, use less; for a more opaque finish, use more. Ensure the final mix contains no more than 8% to guarantee successful curing.",9,9,INR,TRUE,,,,active,,https://cdn.shopify.com/s/files/1/2250/3519/files/HummingbirdPic1.jpg?v=1771187677 | https://cdn.shopify.com/s/files/1/2250/3519/files/HummingbirdPic2.jpg?v=1771187677 | https://cdn.shopify.com/s/files/1/2250/3519/files/HummingbirdPic3.jpg?v=1771187677 | https://cdn.shopify.com/s/files/1/2250/3519/files/humminbirdpic2.jpg?v=1771187677 | https://cdn.shopify.com/s/files/1/2250/3519/files/HummingbirdPic3_76c8839a-53ec-4a07-b606-5ccce5b32942.jpg?v=1771187677,|  |  |  |,"{""tags"":[""Create & Bloom Crafts"",""Resin Pigment Paste"",""Shopify Collective""],""vendor"":""Create & Bloom Crafts"",""productType"":""Opaque Resin Pigments""}",,,https://apexresin.co.uk/products/pearl-resin-pigment-hummingbird,2026-07-08T05:45:20.102Z,2026-07-08T13:13:52.536Z,e74775abdfa00ee4
apex-resin,supplies,15894283813244,Pearl Resin Pigment: Offshore Wave,pearl-resin-pigment-offshore-wave,Opaque Resin Pigments,,"A beautiful sea-inspired blue pearl pigment meticulously crafted to capture the tranquil allure of the ocean. This hue is a radiant gem, echoing the intricate shades of the sea. The captivating play of light and colour will elevate your resin creations to new heights, adding a touch of magic and sophistication to any project. Offshore = Blue Pearl Resin Pigment 20g glass recyclable jar Lightfast & UV stable Colour swatch on side and top so you can see the colour when stored Bloom Pearl pigments in resin are special for several reasons, Aesthetic Appeal Luminous Finish : Pearl pigments contain mica particles coated with titanium dioxide or other minerals, which give them a pearlescent, iridescent quality. This results in a shimmering, metallic finish that catches and reflects light beautifully. Depth and Dimension : When mixed with resin, pearl pigments create a multi-dimensional effect. This adds depth to your artwork, making it appear more dynamic and visually appealing. Particularly special in resin tables and artwork pours. Vibrant Colours : The colours of pearl pigments are rich and vibrant. They range from subtle, elegant hues to bold, striking shades, allowing for versatile design possibilities. Ease of Use Mixing : Pearl pigments are easy to mix with resin. They disperse evenly, ensuring a consistent finish without clumping or settling at the bottom. Compatibility : They are compatible with different types of resins, including epoxy and UV resins (tiny measures). This compatibility makes them accessible to a wide range of users. Durability Colour Stability : As with all Bloom pigments, Pearl pigments are known for their colour stability and resistance to fading over time. This ensures that your resin creations maintain their beauty for years. Heat and Chemical Resistance : These pigments often have good resistance to heat and chemicals, making them suitable for various functional and decorative applications. NB: For a transparent pearl finish, use less; for a more opaque finish, use more. Ensure the final mix contains no more than 8% to guarantee successful curing.",9,9,INR,TRUE,,,,out_of_stock,,https://cdn.shopify.com/s/files/1/2250/3519/files/PearlResinPigmentOffshoreWave.jpg?v=1771187677 | https://cdn.shopify.com/s/files/1/2250/3519/files/Pearl_Pigments_ddf56f7c-8be8-4e8b-936b-4471bffe39c2.jpg?v=1771187676,|,"{""tags"":[""Create & Bloom Crafts"",""Resin Pigment Paste"",""Shopify Collective""],""vendor"":""Create & Bloom Crafts"",""productType"":""Opaque Resin Pigments""}",,,https://apexresin.co.uk/products/pearl-resin-pigment-offshore-wave,2026-07-08T05:45:20.102Z,2026-07-08T13:13:52.536Z,645269b86aa33547
apex-resin,supplies,15894283846012,Pearl Resin Pigment: Butterfly Flower,pearl-resin-pigment-butterfly-flower,Opaque Resin Pigments,,"Experience the enchanting with my butterfly flower-inspired pearl pigment, captivating your senses with its ethereal hues reminiscent of delicate butterfly Purples. This hue is a radiant jewel, reflecting the intricate hues of a Cadburys chocolate box, or a butterfly buddleia. The captivating play of light and colour will elevate your resin creations to new heights, adding a touch of magic and sophistication to any resin creation. Crafted with precision and passion, my pearl metal pigments ensure a seamless integration into your epoxy resin masterpieces. Whether you're a seasoned artisan or a creative enthusiast, my pigments offer a unique opportunity to infuse your projects with the enchantment of nature. Butterfly Flower = Cadbury Box Purple Pearl Resin Pigment 20g glass recyclable jar Lightfast & UV stable Colour swatch on side and top so you can see the colour when stored Bloom Pearl pigments in resin are special for several reasons, Aesthetic Appeal Luminous Finish : Pearl pigments contain mica particles coated with titanium dioxide or other minerals, which give them a pearlescent, iridescent quality. This results in a shimmering, metallic finish that catches and reflects light beautifully. Depth and Dimension : When mixed with resin, pearl pigments create a multi-dimensional effect. This adds depth to your artwork, making it appear more dynamic and visually appealing. Particularly special in resin tables and artwork pours. Vibrant Colours : The colours of pearl pigments are rich and vibrant. They range from subtle, elegant hues to bold, striking shades, allowing for versatile design possibilities. Ease of Use Mixing : Pearl pigments are easy to mix with resin. They disperse evenly, ensuring a consistent finish without clumping or settling at the bottom. Compatibility : They are compatible with different types of resins, including epoxy and UV resins (tiny measures). This compatibility makes them accessible to a wide range of users. Durability Colour Stability : As with all Bloom pigments, Pearl pigments are known for their colour stability and resistance to fading over time. This ensures that your resin creations maintain their beauty for years. Heat and Chemical Resistance : These pigments often have good resistance to heat and chemicals, making them suitable for various functional and decorative applications. NB: For a transparent pearl finish, use less; for a more opaque finish, use more. Ensure the final mix contains no more than 8% to guarantee successful curing.",9,9,INR,TRUE,,,,out_of_stock,,https://cdn.shopify.com/s/files/1/2250/3519/files/20240320_161923.jpg?v=1771187677 | https://cdn.shopify.com/s/files/1/2250/3519/files/Pearl_Pigments.jpg?v=1771187676 | https://cdn.shopify.com/s/files/1/2250/3519/files/20240320_163559.jpg?v=1771187677,|  |,"{""tags"":[""Create & Bloom Crafts"",""Resin Pigment Paste"",""Shopify Collective""],""vendor"":""Create & Bloom Crafts"",""productType"":""Opaque Resin Pigments""}",,,https://apexresin.co.uk/products/pearl-resin-pigment-butterfly-flower,2026-07-08T05:45:20.102Z,2026-07-08T13:13:52.536Z,5a8dd8089e5b442b
apex-resin,supplies,15894283878780,Pearl Resin Pigment: Spider Silk,pearl-resin-pigment-spider-silk,Opaque Resin Pigments,,"Immerse yourself in the transformative possibilities as you explore my new Pearl Epoxy Pigment Paste range specially designed for resin pouring projects. This hue is a radiant jewel, captivating light and colour which will elevate your resin creations to new heights, Crafted with precision and passion, my pearl metal pigments ensure a seamless integration into your epoxy resin masterpieces. Whether you're a seasoned artisan or a creative enthusiast, my pigments offer a unique opportunity to infuse your projects with the enchantment of nature. Spider Silk = A true Pearl White Resin Pigment 20g glass recyclable jar Lightfast & UV stable Colour swatch on side and top so you can see the colour when stored Aesthetic Appeal Luminous Finish : Pearl pigments contain mica particles coated with titanium dioxide or other minerals, which give them a pearlescent, iridescent quality. This results in a shimmering, metallic finish that catches and reflects light beautifully. Depth and Dimension : When mixed with resin, pearl pigments create a multi-dimensional effect. This adds depth to your artwork, making it appear more dynamic and visually appealing. Particularly special in resin tables and artwork pours. Vibrant Colours : The colours of pearl pigments are rich and vibrant. They range from subtle, elegant hues to bold, striking shades, allowing for versatile design possibilities. Ease of Use Mixing : Pearl pigments are easy to mix with resin. They disperse evenly, ensuring a consistent finish without clumping or settling at the bottom. Compatibility : They are compatible with different types of resins, including epoxy and UV resins (tiny measures). This compatibility makes them accessible to a wide range of users. Durability Colour Stability : As with all Bloom pigments, Pearl pigments are known for their colour stability and resistance to fading over time. This ensures that your resin creations maintain their beauty for years. Heat and Chemical Resistance : These pigments often have good resistance to heat and chemicals, making them suitable for various functional and decorative applications. NB: For a transparent pearl finish, use less; for a more opaque finish, use more. Ensure the final mix contains no more than 8% to guarantee successful curing.",9,9,INR,TRUE,,,,out_of_stock,,https://cdn.shopify.com/s/files/1/2250/3519/files/SpidersilkPic1.jpg?v=1771187676 | https://cdn.shopify.com/s/files/1/2250/3519/files/SpidersilkPic2.jpg?v=1771187676 | https://cdn.shopify.com/s/files/1/2250/3519/files/Spidersilkpic3.jpg?v=1771187676,|  |,"{""tags"":[""Create & Bloom Crafts"",""Resin Pigment Paste"",""Shopify Collective""],""vendor"":""Create & Bloom Crafts"",""productType"":""Opaque Resin Pigments""}",,,https://apexresin.co.uk/products/pearl-resin-pigment-spider-silk,2026-07-08T05:45:20.102Z,2026-07-08T13:13:52.536Z,313d73cd431213ba
apex-resin,supplies,15894283911548,Pearl Resin Pigment: Orchid Tears,pearl-resin-pigment-orchid-tears,Opaque Resin Pigments,,"Orchid Bloom is a beautiful magenta pink pigment meticulously crafted to emulate the ethereal allure of orchid flowers, capturing their vibrancy and grace. This hue is a radiant gem, reflecting the intricate shades of blossoming orchids. The captivating play of light and colour will elevate your resin creations to new heights, adding a touch of magic and sophistication to any project. Crafted with precision and passion, Bloom pearl metal pigments ensure seamless integration into your epoxy resin masterpieces. Whether you're a seasoned artisan or a creative enthusiast, these pigments offer a unique opportunity to infuse your projects with the enchantment of nature. Orchid Tears = Pink Pearl Resin Pigment 20g glass recyclable jar Lightfast & UV stable Colour swatch on side and top so you can see the colour when stored Bloom Pearl pigments in resin are special for several reasons, Aesthetic Appeal Luminous Finish : Pearl pigments contain mica particles coated with titanium dioxide or other minerals, which give them a pearlescent, iridescent quality. This results in a shimmering, metallic finish that catches and reflects light beautifully. Depth and Dimension : When mixed with resin, pearl pigments create a multi-dimensional effect. This adds depth to your artwork, making it appear more dynamic and visually appealing. Particularly special in resin tables and artwork pours. Vibrant Colours : The colours of pearl pigments are rich and vibrant. They range from subtle, elegant hues to bold, striking shades, allowing for versatile design possibilities. Ease of Use Mixing : Pearl pigments are easy to mix with resin. They disperse evenly, ensuring a consistent finish without clumping or settling at the bottom. Compatibility : They are compatible with different types of resins, including epoxy and UV resins (tiny measures). This compatibility makes them accessible to a wide range of users. Durability Colour Stability : As with all Bloom pigments, Pearl pigments are known for their colour stability and resistance to fading over time. This ensures that your resin creations maintain their beauty for years. Heat and Chemical Resistance : These pigments often have good resistance to heat and chemicals, making them suitable for various functional and decorative applications.",9,9,INR,TRUE,,,,active,,https://cdn.shopify.com/s/files/1/2250/3519/files/PearlResinOrchidTears.jpg?v=1771187676 | https://cdn.shopify.com/s/files/1/2250/3519/files/Pearl_Pigments_91da783e-14f7-411a-a44a-ca19cde49e98.jpg?v=1771187676 | https://cdn.shopify.com/s/files/1/2250/3519/files/20240708-124745.jpg?v=1771187678,|  |,"{""tags"":[""Create & Bloom Crafts"",""Resin Pigment Paste"",""Shopify Collective""],""vendor"":""Create & Bloom Crafts"",""productType"":""Opaque Resin Pigments""}",,,https://apexresin.co.uk/products/pearl-resin-pigment-orchid-tears,2026-07-08T05:45:20.102Z,2026-07-08T13:13:52.536Z,f2dbd726dd776faf
apex-resin,supplies,15894283944316,Twinkling Pearl Resin Pigment - Obsidian,twinkling-pearl-resin-pigment-obsidian,Transparent Resin Tints,,"Obsidian is a mesmerising black-tinted transparent epoxy resin pigment, infused with a delicate mirage sparkle that reveals flashes of light as it moves. Deep, inky and quietly dramatic, this pigment transforms resin creations with subtle shimmer rather than solid opacity, allowing light to travel through the piece and catch on fine sparkling particles beneath the surface. Elegant and mysterious, Obsidian is perfect for artists who love depth, atmosphere and a refined, cosmic finish that feels both powerful and luxurious. Features: Black-tinted transparent epoxy resin pigment with mirage sparkle Creates depth and light-catching shimmer without blocking translucency Ideal for statement pours, layered designs and atmospheric resin projects Blends beautifully with other pigments for smoky, dimensional effects Suitable for jewellery, homewares, art panels and decorative resin creations Obsidian is darkness done beautifully, a quietly powerful pigment that turns resin into a shimmering, celestial dream.",10,10,INR,TRUE,,,,active,,https://cdn.shopify.com/s/files/1/2250/3519/files/ChatGPTImageJan1_2026_12_58_30PM_1.png?v=1771187676 | https://cdn.shopify.com/s/files/1/2250/3519/files/ChatGPT_Image_Jan_1_2026_12_59_02_PM.png?v=1771187677,|,"{""tags"":[""Create & Bloom Crafts"",""Resin Pigment Paste"",""Shopify Collective""],""vendor"":""Create & Bloom Crafts"",""productType"":""Transparent Resin Tints""}",,,https://apexresin.co.uk/products/twinkling-pearl-resin-pigment-obsidian,2026-07-08T05:45:20.102Z,2026-07-08T13:13:52.536Z,ad853d6ae814f783
apex-resin,supplies,15894284108156,Bronze Metallic Epoxy Resin Pigment - Premium Metal Effect Paste!,bronze-metallic-epoxy-resin-pigment-premium-metal-effect-paste,Opaque Resin Pigments,,"Our premium bronze epoxy resin pigment delivers rich, warm metallic tones that bring a luxurious touch to any project. Whether you're a resin artist, epoxy enthusiast, or professional creator, this pigment adds stunning bronze effects that elevate your work with depth and elegance. This high-quality metallic paste produces beautiful mirror-like finishes and bold bronze highlights that turn ordinary designs into striking statement pieces. Features UV Resistant Formula – Keeps your artwork vibrant and rich, even under direct sunlight Fade-Resistant Technology – Ensures long-lasting colour brilliance Heat Stable – Formulated to withstand the heat of the resin curing process without degrading Design captivating metallic rivers in furniture and river tables. Create bronze-accented drinkware in tumbler making, or add lifelike metallic veining to your ocean art and geode creations. A little goes a long way – start with just 5%. Whether you're just starting out or an experienced professional, this pigment is your go-to for achieving radiant, metallic bronze effects in your resin art. Safety Note: Always use proper ventilation and protective equipment when working with resin and pigments.",9,9,INR,TRUE,,,,active,,https://cdn.shopify.com/s/files/1/2250/3519/files/WhatsApp_Image_2025-06-12_at_14.51.40_3_1.jpg?v=1771187726,,"{""tags"":[""Create & Bloom Crafts"",""Resin Pigment Paste"",""Shopify Collective""],""vendor"":""Create & Bloom Crafts"",""productType"":""Opaque Resin Pigments""}",,,https://apexresin.co.uk/products/bronze-metallic-epoxy-resin-pigment-premium-metal-effect-paste,2026-07-08T05:45:20.102Z,2026-07-08T13:13:52.536Z,595d6ec8ea9f62ee
apex-resin,supplies,15894284140924,Pampus Pink Metallic Epoxy Resin Pigment - Premium Metal Effect Paste!,pampus-pink-metallic-epoxy-resin-pigment-premium-metal-effect-paste,Opaque Resin Pigments,,"Infuse your resin art with the soft charm of Pampus Pink, our premium epoxy resin pigment that blends delicate blush tones with a radiant metallic sheen. Designed for resin artists, crafters, and creative professionals, this pigment brings a dreamy, romantic glow to your projects, elevating them with a touch of subtle sophistication. This high-performance metallic paste creates silky, mirror-like finishes and gentle pink highlights, perfect for adding elegance, light, and refined femininity to your resin work. Features UV-Resistant Formula – Helps preserve the delicate pink hues, even when exposed to direct sunlight Fade-Resistant Technology – Maintains colour vibrancy and soft shimmer over time Heat Stable – Withstands the resin curing process without fading, separating, or degrading Use Pampus Pink to design flowing blush-toned rivers in furniture and trays, add delicate accents to tumblers and coasters, or create soft, metallic veining in ocean art, geodes, and floral-inspired pieces. Just a small amount, starting at 5%, delivers luminous, pearlescent results. Whether you're a beginner or a seasoned creator, Pampus Pink is your go-to pigment for achieving elegant, soft-focus finishes that inspire and enchant.",9,9,INR,TRUE,,,,active,,https://cdn.shopify.com/s/files/1/2250/3519/files/WhatsAppImage2025-06-12at14.51.40_5_2.jpg?v=1771187726,,"{""tags"":[""Create & Bloom Crafts"",""Resin Pigment Paste"",""Shopify Collective""],""vendor"":""Create & Bloom Crafts"",""productType"":""Opaque Resin Pigments""}",,,https://apexresin.co.uk/products/pampus-pink-metallic-epoxy-resin-pigment-premium-metal-effect-paste,2026-07-08T05:45:20.102Z,2026-07-08T13:13:52.536Z,97fb0220eb2c2acf
apex-resin,supplies,15894284173692,Aluminium Metallic Epoxy Resin Pigment - Premium Silver Metal Effect Paste!,aluminium-metallic-epoxy-resin-pigment-premium-silver-metal-effect-paste,Opaque Resin Pigments,,"Our premium aluminium epoxy resin pigment creates absolutely stunning silver effects that will make your projects shine like never before. Perfect for resin artists, Epoxy enthusiasts, and professionals seeking show-stopping results. This high-quality metallic paste creates gorgeous mirror finishes and eye-catching silver tones that transform ordinary pieces into extraordinary works of art. Features UV Resistant Formula - Your creations stay vibrant and beautiful, even in bright sunlight Fade-Resistant Technology - Colours remain true and brilliant over time Heat Stable - Won't break down during the resin curing process Create stunning metallic rivers and accents in river tables and furniture. Design eye-catching drinkware that sparkles with tumbler making, and pour realistic metallic veining to ocean art and geodes. A little goes a long way! Start with just 5% Perfect for beginners and professionals alike - start creating stunning metallic resin art today! Safety Note: Always use proper ventilation and protective equipment when working with resin and pigments.",9,9,INR,TRUE,,,,active,,https://cdn.shopify.com/s/files/1/2250/3519/files/WhatsAppImage2025-06-12at14.51.40_1_1.jpg?v=1771187726,,"{""tags"":[""Create & Bloom Crafts"",""Resin Pigment Paste"",""Shopify Collective""],""vendor"":""Create & Bloom Crafts"",""productType"":""Opaque Resin Pigments""}",,,https://apexresin.co.uk/products/aluminium-metallic-epoxy-resin-pigment-premium-silver-metal-effect-paste,2026-07-08T05:45:20.102Z,2026-07-08T13:13:52.536Z,2b75215de3125250
apex-resin,supplies,15894284206460,Silver Fox Metallic Epoxy Resin Pigment - Premium Metal Effect Paste!,silver-fox-metallic-epoxy-resin-pigment-premium-metal-effect-paste,Opaque Resin Pigments,,"Bring a cool, modern elegance to your resin creations with Silver Fox, our premium epoxy resin pigment that delivers sleek silver tones and a refined metallic shimmer. Perfect for resin artists, designers, and creative professionals, this pigment adds a clean, contemporary edge to your projects, evoking sophistication, clarity, and timeless charm. This high-performance metallic paste produces smooth, mirror-like finishes with crisp silver highlights, ideal for adding depth, contrast, and a polished aesthetic to your resin work. Features UV-Resistant Formula – Protects the brilliance of the silver tone, even in direct sunlight Fade-Resistant Technology – Maintains clarity, vibrancy, and reflective shine over time Heat Stable – Engineered to withstand the heat of resin curing without losing luster or texture Use Silver Fox to craft bold metallic rivers in furniture and home décor, accent tumblers and coasters with icy, modern highlights, or replicate the sleek veining of precious metals in geodes, ocean art, and abstract pieces. Just a small amount, starting at 5%, delivers striking, high-impact results. Whether you’re just beginning your resin journey or refining a professional portfolio, Silver Fox is your go-to for achieving clean, radiant metallic finishes that captivate and impress. Safety Note: Always work in a well-ventilated space and wear appropriate protective gear.",9,9,INR,TRUE,,,,active,,https://cdn.shopify.com/s/files/1/2250/3519/files/WhatsAppImage2025-06-12at14.51.40_7.jpg?v=1771187726,,"{""tags"":[""Create & Bloom Crafts"",""Resin Pigment Paste"",""Shopify Collective""],""vendor"":""Create & Bloom Crafts"",""productType"":""Opaque Resin Pigments""}",,,https://apexresin.co.uk/products/silver-fox-metallic-epoxy-resin-pigment-premium-metal-effect-paste,2026-07-08T05:45:20.102Z,2026-07-08T13:13:52.536Z,8101c5f36f67df75
apex-resin,supplies,15894284239228,Guppy Green Metallic Epoxy Resin Pigment - Premium Metal Effect Paste!,guppy-green-metallic-epoxy-resin-pigment-premium-metal-effect-paste,Opaque Resin Pigments,,"Add a fresh, vibrant energy to your resin creations with Guppy Green, our premium epoxy resin pigment that delivers rich, lively green tones with a subtle metallic shimmer. Perfect for resin artists, designers, and creative professionals, this pigment brings a bright, contemporary flair to your projects, evoking nature, renewal, and dynamic creativity. This high-performance metallic paste produces smooth, mirror-like finishes with vivid green highlights, ideal for adding depth, vibrancy, and a polished natural aesthetic to your resin work. Features UV-Resistant Formula – Protects the brilliance of the green tones, even in direct sunlight Fade-Resistant Technology – Maintains clarity, vibrancy, and reflective shine over time Heat Stable – Engineered to withstand the heat of resin curing without losing luster or texture Use Guppy Green to craft bold metallic rivers in furniture and home décor, accent tumblers and coasters with fresh, lively highlights, or mimic the organic veining of foliage in geodes, ocean art, and abstract pieces. Just a small amount, starting at 5% - delivers striking, high-impact results. Whether you’re just beginning your resin journey or refining a professional portfolio, Guppy Green is your go-to pigment for achieving vibrant, radiant metallic finishes that captivate and inspire.",9,9,INR,TRUE,,,,active,,https://cdn.shopify.com/s/files/1/2250/3519/files/WhatsAppImage2025-06-12at14.51.40_4_1.jpg?v=1771187726,,"{""tags"":[""Create & Bloom Crafts"",""Resin Pigment Paste"",""Shopify Collective""],""vendor"":""Create & Bloom Crafts"",""productType"":""Opaque Resin Pigments""}",,,https://apexresin.co.uk/products/guppy-green-metallic-epoxy-resin-pigment-premium-metal-effect-paste,2026-07-08T05:45:20.102Z,2026-07-08T13:13:52.536Z,2cdaf73eaa72c6b2
apex-resin,supplies,15894284271996,Rosefinch Red Metallic Epoxy Resin Pigment - Premium Metal Effect Paste!,rosefinch-red-metallic-epoxy-resin-pigment-premium-metal-effect-paste,Opaque Resin Pigments,,"Ignite your resin creations with the bold intensity of Rosefinch Red, our premium epoxy resin pigment that radiates deep crimson tones with a soft, metallic shimmer. Designed for resin artists, designers, and creative professionals, this pigment adds a passionate warmth and striking elegance to every pour, evoking the beauty of wild roses and the vibrance of fiery skies. This high-performance metallic paste delivers smooth, mirror-like finishes with rich red highlights, perfect for adding drama, emotion, and refined luxury to your resin work. Features UV-Resistant Formula – Maintains the depth and brilliance of your red tones, even in strong sunlight Fade-Resistant Technology – Keeps colour vivid and bold over time Heat Stable – Formulated to withstand the heat of resin curing without losing vibrancy or texture Use Rosefinch Red to design bold colour accents in wall art, pour statement rivers in furniture, enhance tumblers with romantic crimson tones, or create luxurious, gemstone-inspired veining in geodes and abstract work. A little goes a long way — start with just 5% to achieve powerful, radiant effects. Whether you're experimenting or refining a signature style, Rosefinch Red is your go-to for deep, expressive metallic finishes that command attention and inspire emotion. Safety Note: Always work in a well-ventilated space and wear appropriate protective gear.",9,9,INR,TRUE,,,,out_of_stock,,https://cdn.shopify.com/s/files/1/2250/3519/files/WhatsAppImage2025-06-12at14.51.40_6.jpg?v=1771187727,,"{""tags"":[""Create & Bloom Crafts"",""Resin Pigment Paste"",""Shopify Collective""],""vendor"":""Create & Bloom Crafts"",""productType"":""Opaque Resin Pigments""}",,,https://apexresin.co.uk/products/rosefinch-red-metallic-epoxy-resin-pigment-premium-metal-effect-paste,2026-07-08T05:45:20.102Z,2026-07-08T13:13:52.536Z,a56eda4e0bb5f531
apex-resin,supplies,15894284304764,Atlantic Blue Metallic Epoxy Resin Pigment - Premium Metal Effect Paste!,atlantic-blue-metallic-epoxy-resin-pigment-premium-metal-effect-paste,Opaque Resin Pigments,,"Dive into deep, oceanic beauty with Atlantic Blue, our premium epoxy resin pigment that delivers rich blue tones and a cool metallic shimmer. Ideal for resin artists, designers, and creative professionals, this pigment brings serene depth and powerful movement to your creations, evoking the majesty of open water and timeless coastal elegance. This high-performance metallic paste creates sleek, mirror-like finishes with bold blue highlights, perfect for adding drama, depth, and a refined touch to your resin work. Features UV-Resistant Formula – Preserves the richness of your blue tones, even under direct sunlight Fade-Resistant Technology – Ensures lasting colour vibrancy and brilliance Heat Stable – Designed to endure the heat of resin curing without losing intensity or sheen Use Atlantic Blue to pour flowing ocean scenes in wall art, craft striking rivers in resin furniture, add wave-inspired accents to tumblers and coasters, or enhance geodes with dramatic, deep-sea veining. Just a small amount starting at 5%, goes a long way to achieve stunning effects. Whether you’re just setting sail on your resin journey or creating professionally, Atlantic Blue is your trusted pigment for captivating, oceanic metallic finishes that mesmerise and inspire. Safety Note: Always work in a well-ventilated space and wear protective equipment.",9,9,INR,TRUE,,,,active,,https://cdn.shopify.com/s/files/1/2250/3519/files/WhatsAppImage2025-06-12at14.51.40.jpg?v=1771187726,,"{""tags"":[""Create & Bloom Crafts"",""Resin Pigment Paste"",""Shopify Collective""],""vendor"":""Create & Bloom Crafts"",""productType"":""Opaque Resin Pigments""}",,,https://apexresin.co.uk/products/atlantic-blue-metallic-epoxy-resin-pigment-premium-metal-effect-paste,2026-07-08T05:45:20.102Z,2026-07-08T13:13:52.536Z,cef40da09b06c95f
apex-resin,supplies,15894284337532,Copper Whisper Metallic Epoxy Resin Pigment - Premium Metal Effect Paste!,copper-whisper-metallic-epoxy-resin-pigment-premium-metal-effect-paste,Opaque Resin Pigments,,"Introduce an elegant glow to your creations with Copper Whisper, our premium epoxy resin pigment that blends rich copper hues with soft, metallic shimmer. Designed for resin artists, makers, and creative professionals, this pigment delivers warm, radiant tones that bring a sophisticated edge to any piece. This high-performance metallic paste creates smooth, mirror-like finishes and refined copper highlights, perfect for adding depth, warmth, and subtle luxury to your resin work. Features UV-Resistant Formula – Helps preserve the richness of your copper tones, even in direct sunlight Fade-Resistant Technology – 20g of brilliance and clarity over time Heat Stable – Built to endure the heat of resin curing without losing intensity or texture Use Copper Whisper to design flowing metallic rivers in furniture and river tables, add copper-kissed accents to tumblers and drinkware, or mimic natural metallic veining in ocean art and geode pieces. Just a small amount, starting at 5% delivers radiant results. From beginner makers to seasoned professionals, Copper Whisper is your go-to pigment for creating timeless copper finishes that captivate and inspire. Safety Note: Always work in a well-ventilated area and wear appropriate protective equipment. Follow all safety recommendations",9,9,INR,TRUE,,,,out_of_stock,,https://cdn.shopify.com/s/files/1/2250/3519/files/WhatsAppImage2025-06-12at14.51.40_2.jpg?v=1771187726,,"{""tags"":[""Create & Bloom Crafts"",""Resin Pigment Paste"",""Shopify Collective""],""vendor"":""Create & Bloom Crafts"",""productType"":""Opaque Resin Pigments""}",,,https://apexresin.co.uk/products/copper-whisper-metallic-epoxy-resin-pigment-premium-metal-effect-paste,2026-07-08T05:45:20.102Z,2026-07-08T13:13:52.536Z,27183046651e69c3
apex-resin,supplies,15908536680828,MDF Geode Surface for Resin Art Type A: One Board,mdf-geode-surface-for-resin-art-type-a-one-board,Tools,,"Premium MDF Surfaces perfect for glitzy Geodes. Experience the perfect balance of durability and smoothness, providing you with a reliable surface that allows your creativity to flow effortlessly. The high-quality MDF ensures stability, prevent warping and bending over time, (which is especially important if you're layering with textures). These boards are specially crafted to absorb and showcase the vibrant hues of your chosen materials , enhancing the brilliance of your artwork. Feel free to Prime them prior to starting a project (if you are pouring resin then no need to prime, get straight in and pour). Individually sold Central hole size approx 58mm 230mm x 199mm Made from high quality MDF",5,5,INR,TRUE,,,,out_of_stock,,https://cdn.shopify.com/s/files/1/2250/3519/files/MDFTypeAPic1.jpg?v=1772484620,,"{""tags"":[""Art Boards"",""Create & Bloom Crafts"",""Shopify Collective""],""vendor"":""Create & Bloom Crafts"",""productType"":""Tools""}",,,https://apexresin.co.uk/products/mdf-geode-surface-for-resin-art-type-a-one-board,2026-07-08T05:45:20.102Z,2026-07-08T13:13:52.536Z,7b529c17f93c6649
apex-resin,supplies,15908537237884,MDF Geode Coaster Surface for Resin Art Type A: Set of 3,mdf-geode-coaster-surface-for-resin-art-type-a-set-of-3,Tools,,"Premium MDF Surface perfect for Mixed Media Art Work Experience the perfect balance of durability and smoothness, providing you with a reliable surface that allows your creativity to flow effortlessly. The high-quality MDF ensures stability, prevent warping and bending over time, (which is especially important if you're layering with textures). These boards are specially crafted to absorb and showcase the vibrant hues of your chosen materials , enhancing the brilliance of your artwork. Feel free to Prime them prior to starting a project (if you are pouring resin then no need to prime, get straight in and pour). Sold in sets of 3 4mm- 6mm thick Approx 10cm x 11cm Diameter Made from high quality MDF",7,7,INR,TRUE,,,,active,,https://cdn.shopify.com/s/files/1/2250/3519/files/MDFTypeACoasterGeodePic1.jpg?v=1772484649,,"{""tags"":[""Art Boards"",""Create & Bloom Crafts"",""Shopify Collective""],""vendor"":""Create & Bloom Crafts"",""productType"":""Tools""}",,,https://apexresin.co.uk/products/mdf-geode-coaster-surface-for-resin-art-type-a-set-of-3,2026-07-08T05:45:20.102Z,2026-07-08T13:13:52.536Z,6aa27da69f42fd93
apex-resin,supplies,15908537270652,MDF Geode Coaster Surface for Resin Art Type B: Set of 3,mdf-geode-coaster-surface-for-resin-art-type-b-set-of-3,Tools,,"Premium MDF Surface perfect for Mixed Media Art Work Experience the perfect balance of durability and smoothness, providing you with a reliable surface that allows your creativity to flow effortlessly. The high-quality MDF ensures stability, prevent warping and bending over time, (which is especially important if you're layering with textures). These boards are specially crafted to absorb and showcase the vibrant hues of your chosen materials , enhancing the brilliance of your artwork. Feel free to Prime them prior to starting a project (if you are pouring resin then no need to prime, get straight in and pour). Sold in sets of 3 4mm- 6mm thick Approx 10cm x 10cm Diameter Made from high quality MDF",7,7,INR,TRUE,,,,active,,https://cdn.shopify.com/s/files/1/2250/3519/files/MDFCoaterTypeBPic1.jpg?v=1772484648,,"{""tags"":[""Art Boards"",""Create & Bloom Crafts"",""Shopify Collective""],""vendor"":""Create & Bloom Crafts"",""productType"":""Tools""}",,,https://apexresin.co.uk/products/mdf-geode-coaster-surface-for-resin-art-type-b-set-of-3,2026-07-08T05:45:20.102Z,2026-07-08T13:13:52.536Z,4f2bc471b9dfb8b4
apex-resin,supplies,15970216608124,"Witching Hour – SUPREME Chameleon Pigment Powder for Resin, Crafts & Mixed Media 3g",witching-hour-supreme-chameleon-pigment-powder-for-resin-crafts-mixed-media-3g,Mica Powder,,"Witching Hour is not simply a colour; it is a threshold. A decadent, striking blue-purple pigment that feels deep, inky, and almost spellbound from the very first glance. Its tone drifts between midnight indigo and shadowed violet, carrying a richness that feels both powerful and quietly enigmatic. In the light, hidden dimensions begin to surface, traces of sapphire dusk, blackened violets, and cool twilight blue, creating a sense of movement that feels fluid, immersive, and endlessly intriguing. This is a pigment for those who are drawn to intensity over softness, to atmosphere over simplicity, to creations that hold presence and depth. Finely milled and luxuriously smooth, Witching Hour delivers bold, even coverage with a velvety, polished finish that feels deliberate and refined. Its highly concentrated nature means a little goes a long way, offering a saturated, dramatic result that transforms each piece into something truly captivating. Whether swirled through resin, brushed into moulds, or layered into mixed media and surface work, Witching Hour brings a sense of mystery and quiet drama to your creations. It elevates designs into something immersive and expressive, perfect for moody palettes, celestial themes, statement pieces, and moments where your work calls for depth, intrigue, and a touch of the unseen. Features: 3g of luxury mica pigment in a micro pot Ultra-fine texture for smooth application and an elegant finish Highly concentrated for bold colour with minimal use Ideal for resin projects, mixed media, painting, embellishment, and detail work Witching Hour is a pigment for artists who aren’t afraid of the dark, a refined, luxurious purple that adds depth, drama, and intention, and reminds you that not all beauty needs to shine to be powerful.",18,18,INR,TRUE,,,,out_of_stock,,https://cdn.shopify.com/s/files/1/2250/3519/files/Witching_Hour_Mica.png?v=1777413919 | https://cdn.shopify.com/s/files/1/2250/3519/files/Witching_Hour.png?v=1777413919,|,"{""tags"":[""Create & Bloom Crafts"",""Resin Mica Pigment Powder"",""Shopify Collective""],""vendor"":""Create & Bloom Crafts"",""productType"":""Mica Powder""}",,,https://apexresin.co.uk/products/witching-hour-supreme-chameleon-pigment-powder-for-resin-crafts-mixed-media-3g,2026-07-08T05:45:20.102Z,2026-07-08T13:13:52.536Z,6a6a1e21ed5808da
apex-resin,supplies,15970216640892,Transparent Resin Pigment: Tree Frog Green,transparent-resin-pigment-tree-frog-green,Transparent Resin Tints,,"Bring your epoxy resin creations to life with Green Tree Frog, a bright, fresh transparent green inspired by the glossy leaves and curious charm of rainforest tree frogs. This vibrant yet clean shade feels alive and playful, adding a natural glow to your work without overpowering other colours. Perfect for botanical pieces, nature themes, or adding a pop of living colour, it layers beautifully over whites and pales, and deepens into rich emerald tones when pooled. Designed for epoxy resin artists, Green Tree Frog delivers vibrant, lightfast colour that retains its brilliance over time. Its clear transparent finish makes it ideal for coasters, jewellery, art panels, and other resin creations where luminous depth and layered effects are key. Try pairing with ocean tones for tropical lagoon effects, earthy browns for forest palettes, or soft florals for spring-inspired designs. Features: 20g in a recyclable glass jar for eco-friendly storage Lightfast and UV stable, keeping your resin art vibrant and fade-resistant Transparent pigment for glowing layered effects Colour swatch on top and side for easy identification when stored Perfect for resin art, jewellery making, coasters, and creative projects Easy to use, add a cocktail stick dip (no more than 2% by volume) Elevate your epoxy resin projects with the fresh, luminous energy of Tree Frog",9,9,INR,TRUE,,,,active,,https://cdn.shopify.com/s/files/1/2250/3519/files/Green_transparent_tint_for_resin.png?v=1777413919,,"{""tags"":[""Create & Bloom Crafts"",""Resin Pigment Paste"",""Shopify Collective""],""vendor"":""Create & Bloom Crafts"",""productType"":""Transparent Resin Tints""}",,,https://apexresin.co.uk/products/transparent-resin-pigment-tree-frog-green,2026-07-08T05:45:20.102Z,2026-07-08T13:13:52.536Z,4b84f0677953327a
apex-resin,supplies,15970216673660,Aurora Night Kit - Midnight Sky Resin Art Craft Kit with Apex Fast Cure Epoxy Resin,aurora-night-kit-midnight-sky-resin-art-craft-kit-with-apex-one-coat-epoxy-resin,Craft Kit,,"Want to learn resin art but not sure where to start? The Aurora Night Kit is a beginner-friendly resin craft kit created for anyone curious about resin art, creative play, and learning a new craft at their own pace. Inspired by the soft glow of aurora lights against a dark night sky, this kit is designed to make resin art accessible, enjoyable, and unintimidating. If you’ve ever wondered “Is resin art suitable for beginners?” or “ Can I learn resin art at home ?” , this kit is your answer. Aurora Night guides you through the basics of resin art step by step, helping you understand colour mixing, gentle movement, and simple pouring techniques without feeling overwhelmed. No previous experience is needed – just a willingness to explore and enjoy the process. This resin art kit for beginners includes everything you need to get started, making it ideal for hobbyists, creative explorers, or anyone looking for a mindful craft to unwind with. The carefully curated colour palette allows you to experiment confidently while creating pieces that feel atmospheric, polished, and deeply satisfying. Whether you’re asking “How do I start resin art?” or looking for a thoughtful gift for someone eager to try resin crafting for the first time, the Aurora Night Kit offers a calm, guided introduction that builds confidence while celebrating creativity. What’s included: Wonderful Non-toxic Apex resin Curated pigments and colour accents inspired by aurora night skies Selected moulds to help beginners create finished resin pieces with ease Mixing cups, stirrers, and essential tools for resi n art at home Clear, step-by-step instructions answering common beginner questions Features: Resin art kit designed specifically for beginners Ideal for learning resin art at home No prior resin experience required Helps you understand resin art basics, colour flow, and movement Perfect for hobbyists, creative gifting, and mindful crafting sessions If you’re ready to explore resin art for beginners in a way that feels supportive, creative, and rewarding, the Aurora Night Kit is the perfect place to begin, where glowing colour meets confident creativity.",48,48,INR,TRUE,,,,active,,https://cdn.shopify.com/s/files/1/2250/3519/files/Learn_resin_Aurora_night_sky_craft_kit.png?v=1777413919 | https://cdn.shopify.com/s/files/1/2250/3519/files/20230328_113036.jpg?v=1777413919 | https://cdn.shopify.com/s/files/1/2250/3519/files/20230328_104942.jpg?v=1777413919,|  |,"{""tags"":[""Create & Bloom Crafts"",""Resin Starter Kit"",""Shopify Collective""],""vendor"":""Create & Bloom Crafts"",""productType"":""Craft Kit""}",,,https://apexresin.co.uk/products/aurora-night-kit-midnight-sky-resin-art-craft-kit-with-apex-one-coat-epoxy-resin,2026-07-08T05:45:20.102Z,2026-07-08T13:13:52.536Z,e09473144df25ff4
apex-resin,supplies,15970216706428,Silicone Mould for Resin Crafts - Agate Coaster - Sold Individually,silicone-mould-for-resin-crafts-agate-coaster-sold-individually,Silicone Mould,,"Create elegant agate style coasters, designed to produce beautifully organic coaster shapes with softly rippled edges. Inspired by natural crystal formations, the irregular outline adds instant artistry to your apex resin and eco pour creations, allowing pigments, inks and metallics to flow naturally into layered geode effects. The flexible, durable silicone releases cleanly, helping you achieve crisp edges and a smooth surface with minimal finishing. Perfect for statement coasters, decorative trays, wall accents or giftable homeware pieces, this mould is ideal for artists who love fluid colour movement and luxurious finishes. Features : Approx finished size: 13.5cm diameter High quality flexible silicone for easy demoulding Reusable and resistant to tearing Suitable for resin and eco pour Ideal for coasters, decorative art pieces and small resin blooms",5,5,INR,TRUE,,,,active,,https://cdn.shopify.com/s/files/1/2250/3519/files/rn-image_picker_lib_temp_220d546e-bbf7-4724-9b89-6c0724738736.png?v=1777413919,,"{""tags"":[""Create & Bloom Crafts"",""Resin Mould"",""Shopify Collective""],""vendor"":""Create & Bloom Crafts"",""productType"":""Silicone Mould""}",,,https://apexresin.co.uk/products/silicone-mould-for-resin-crafts-agate-coaster-sold-individually,2026-07-08T05:45:20.102Z,2026-07-08T13:13:52.536Z,119b81709f41c4f6
apex-resin,supplies,15970216739196,Rhodonite – Opaque Dusky Pink Epoxy Resin Pigment Paste,rhodonite-opaque-dusky-pink-epoxy-resin-pigment-paste,Opaque Resin Pigments,,"Deep, moody, and effortlessly captivating, Rhodonite is a rich pink epoxy pigment inspired by polished gemstone tones, twilight skies, and the quiet intensity of dusk. Sitting between dusky rose and deep berry, this shade carries a subtle depth that feels both grounding and luxurious, bringing a sense of drama without losing its softness. In resin, Rhodonite delivers smooth, even coverage with a creamy, velvety finish, making it perfect for statement homewares, jewellery, and pieces where colour needs to feel bold yet beautifully refined. It pairs effortlessly with warm neutrals, soft greys, forest greens, and muted metallics, allowing you to create rich, layered palettes with a modern, elevated edge. Features: 60g opaque resin pigment Deep moody pink tone with a smooth, velvety finish Opaque coverage for bold, confident colour payoff Light fast to keep creations looking vibrant and true over time A striking, soulful pigment for artists seeking depth, elegance, and rich, expressive colour that turns every piece into something quietly unforgettable.",14,14,INR,TRUE,,,,active,,https://cdn.shopify.com/s/files/1/2250/3519/files/WhatsAppImage2026-04-10at18.02.45_1_1cf491e5-d96b-490e-9a13-986b69850cff.jpg?v=1777413918,,"{""tags"":[""Create & Bloom Crafts"",""Resin Pigment Paste"",""Shopify Collective""],""vendor"":""Create & Bloom Crafts"",""productType"":""Opaque Resin Pigments""}",,,https://apexresin.co.uk/products/rhodonite-opaque-dusky-pink-epoxy-resin-pigment-paste,2026-07-08T05:45:20.102Z,2026-07-08T13:13:52.536Z,fef1d3a47975997e
apex-resin,supplies,15970216771964,Silicone Mould for Resin Crafts - Forbidden Apple,silicone-mould-for-resin-crafts-forbidden-apple,Silicone Mould,,"Bring playful charm to your creative workspace with this delightful apple storage pot mould. Designed for makers who love pieces that feel both decorative and functional, this mould creates a perfectly rounded apple-shaped container complete with a matching lid and stem detail, ideal for casting elegant trinket pots, candle vessels, or small keepsake holders. The smooth interior allows your eco pour, and epoxy resin to settle beautifully, producing a clean, professional finish with minimal sanding required. The gentle curves enhance pigments, terrazzo chips, marbling and stone effects, making every finished piece feel intentional and gift-worthy. Whether styled on a dressing table, shelf, or craft stall display, this apple pot instantly adds personality and warmth to handmade collections. Features: High quality reusable silicone mould Creates a lidded apple storage pot with stem detail Finished size approx: 8.2cm wide × 5.4cm high Lid size approx: 5.1cm diameter × 2.3cm high Ideal for Apex Resin and Eco Pour Smooth surface for crisp, professional results Suitable for trinket pots, candle vessels, jewellery storage and décor pieces Create pieces that feel charming, giftable and irresistibly display-worthy, a mould your customers won’t be able to resist picking up.",9,9,INR,TRUE,,,,active,,https://cdn.shopify.com/s/files/1/2250/3519/files/Silicone_mould_for_resin_and_crafts_apple_pot_mould.png?v=1777413919 | https://cdn.shopify.com/s/files/1/2250/3519/files/Resin_apple_made_with_resin_pigment.png?v=1777413919,|,"{""tags"":[""Create & Bloom Crafts"",""Resin Mould"",""Shopify Collective""],""vendor"":""Create & Bloom Crafts"",""productType"":""Silicone Mould""}",,,https://apexresin.co.uk/products/silicone-mould-for-resin-crafts-forbidden-apple,2026-07-08T05:45:20.102Z,2026-07-08T13:13:52.536Z,23e379cd61ebcd90
apex-resin,supplies,15970216804732,Ultimate Resin Pigment and Sparkle Bundle: Deadly Nightshade!,ultimate-resin-pigment-and-sparkle-bundle-deadly-nightshade,Opaque Resin Pigments,,"Dive into the eerie enchantment of Deadly Nightshade Colour and Glitter Bundle, a must-have for all your autumn and Halloween epoxy resin creations. This bundle is a spine-tingling mix of rich, decadent pigments, creepy transparent tints, and ghoulish sparkles that will leave your projects dripping with spooky charm. Bundle Includes: 2 Rich Decadent Pigments - Dahlia & Blackberry : These luxurious colours add depth and darkness to your resin, perfect for conjuring up sinister shadows and haunting hues. 2 Creepy Transparent Tints - Sea Star & Pumpkin : These eerie tints bring a ghostly glow to your creations, adding an ethereal touch that’s sure to spook. 2 Ghoulish Sparkles - Enchantress & Driven : These frightfully fun glitters will give your projects a dazzlingly dreadful shimmer, ensuring they catch the light in the most haunted of ways. Please note that while Deadly Nightshade made its haunting debut last year, this edition features slight changes due to the unavailability of some previous essentials for our glitter mixes. Rest assured, the spooky spirit of Deadly Nightshade remains as captivating as ever! Perfect for: Resin Halloween decorations Spooky-themed coasters and trinket dishes Creepy-cute jewellery Any autumnal project that needs a touch of the macabre Get ready to brew up some fearsome fun with the Deadly Nightshade Colour and Glitter Bundle. Your resin creations will be to die for!",41,41,INR,TRUE,,,,out_of_stock,,https://cdn.shopify.com/s/files/1/2250/3519/files/gothic_resin_collection_dark_colours_for_resin_witchy_resin_colours.png?v=1777413919,,"{""tags"":[""Create & Bloom Crafts"",""Resin Pigment Paste"",""Resin Starter Kit"",""Shopify Collective""],""vendor"":""Create & Bloom Crafts"",""productType"":""Opaque Resin Pigments""}",,,https://apexresin.co.uk/products/ultimate-resin-pigment-and-sparkle-bundle-deadly-nightshade,2026-07-08T05:45:20.102Z,2026-07-08T13:13:52.536Z,9ec2e4fa274395e0
apex-resin,supplies,15970216837500,Silicone Mould for Resin Crafts - A Whale of a Mould,silicone-mould-for-resin-crafts-a-whale-of-a-mould,Silicone Mould,,"Make waves in your craft room with this beautifully detailed Whale-Shaped Silicone Mould, designed for artists who love statement pieces with a splash of coastal charm. With its gently curved body, textured detailing and generous cavity, this ocean-inspired mould is perfect for creating whale succulent planters, Eco Pour artificial candle holders, trinket dishes and decorative storage bowls in resin, and eco casting materials. At approximately 14.8cm long, this versatile mould is ideal for crafting eye-catching home décor pieces that feel both playful and elegant. Perfect for coastal-themed collections, sea-inspired gifts and handmade décor ranges, this whale mould is ready to help your next project go from little fish to full-blown showstopper. Features: High-quality flexible silicone mould for easy release Approximate finished size: 14.8cm length x 7cm height x 4.5cm depth Internal cavity depth approx. 3.5cm – ideal for succulents, tealights or storage Suitable for resin and eco pour Reusable, durable and easy to clean Detailed whale texture for realistic, characterful results Whether you’re creating ocean-inspired planters, unique candle holders or statement resin décor, this whale-shaped mould will have your creativity swimming in style.... no fluke about it.",9,9,INR,TRUE,,,,active,,https://cdn.shopify.com/s/files/1/2250/3519/files/Whale_mould_fish_mould_for_resin_crafting_and_candle_making.png?v=1777413919 | https://cdn.shopify.com/s/files/1/2250/3519/files/ChatGPTImageFeb23_2026_11_09_05AM_1.png?v=1777413919,|,"{""tags"":[""Create & Bloom Crafts"",""Resin Mould"",""Shopify Collective""],""vendor"":""Create & Bloom Crafts"",""productType"":""Silicone Mould""}",,,https://apexresin.co.uk/products/silicone-mould-for-resin-crafts-a-whale-of-a-mould,2026-07-08T05:45:20.102Z,2026-07-08T13:13:52.536Z,7eb6923c31bf62a0
apex-resin,supplies,15970216870268,Silicone Moulds for Resin Crafts - Set of 4x Coasters - Round,silicone-moulds-for-resin-crafts-set-of-4x-coasters-round,Silicone Mould,,"Create beautifully smooth, professional coasters with this set of four round casting moulds, designed to give your pieces a crisp edge and glossy surface straight from the pour. The classic circular shape is perfect for ocean effects, pressed flowers, and timeless minimalist Epoxy décor collections. Made from flexible, high-quality silicone, these moulds release effortlessly once cured, protecting delicate details such as petals, foil leaf and intricate pigment movement. The depth allows for sturdy pours while still keeping a refined profile, making them ideal for resin, and similar casting mediums. Each coaster cures with a naturally polished finish, reducing sanding time so your pieces are ready to seal and style. Features: Set of 4 round reusable silicone coaster moulds Finished coaster diameter approx: 8.89cm Depth approx: 0.89cm Rim thickness approx: 0.41cm Smooth glossy interior for a polished finish Flexible mould for easy demoulding Suitable for resin and Eco Pour Ideal for flower preservation, ocean art, and Terrazzo decorative coasters Designed to help you produce gift-ready coasters that feel as premium as they look.",10,10,INR,TRUE,,,,out_of_stock,,https://cdn.shopify.com/s/files/1/2250/3519/files/set_of_4_silicone_coasters_for_resin_crafts.png?v=1777413919 | https://cdn.shopify.com/s/files/1/2250/3519/files/moulds_for_bloom_coasters_silicone_moulds_for_resin.png?v=1777413920,|,"{""tags"":[""Create & Bloom Crafts"",""Resin Mould"",""Shopify Collective""],""vendor"":""Create & Bloom Crafts"",""productType"":""Silicone Mould""}",,,https://apexresin.co.uk/products/silicone-moulds-for-resin-crafts-set-of-4x-coasters-round,2026-07-08T05:45:20.102Z,2026-07-08T13:13:52.536Z,342d8ea986822117
apex-resin,supplies,15970216903036,"Ritual Red – SUPREME Chameleon Pigment Powder for Resin, Crafts & Mixed Media 3g",ritual-red-supreme-chameleon-pigment-powder-for-resin-crafts-mixed-media-3g,Mica Powder,,"Ritual Red is not simply a colour; it is a moment of intention. A glowing, golden copper pigment that radiates warmth, richness, and quiet allure from the very first glance. Its tone sits between burnished amber and molten copper, with a sunlit depth that feels both grounding and indulgent. In the light, delicate undertones begin to reveal themselves, whispers of terracotta, spiced cinnamon, and soft gilded gold, creating a sense of movement that feels alive yet effortlessly refined. This is a pigment created for those who are drawn to warmth over brightness, to glow over shimmer, to pieces that feel soulful rather than fleeting. Finely milled and beautifully smooth, Ritual Red offers rich, even coverage with a luminous finish that feels intentional and elevated. Its highly concentrated formula means the smallest amount delivers a radiant, full-bodied result, turning every use into something considered and luxurious. Whether folded into resin, brushed gently into moulds, or layered into mixed media and textured surfaces, Ritual Red brings a sense of depth and ritualistic beauty to your creations. It transforms pieces into something grounded yet glowing, perfect for autumnal palettes, earthy compositions, metallic accents, and designs that call for warmth, richness, and a quietly captivating presence. Features: 3g of luxury mica pigment in a micro pot Ultra-fine texture for smooth application and an elegant finish Highly concentrated for bold colour with minimal use Ideal for resin projects, mixed media, painting, embellishment, and detail work Ritual Red is a pigment for artists who aren’t afraid of the dark, a refined, luxurious purple that adds depth, drama, and intention, and reminds you that not all beauty needs to shine to be powerful.",18,18,INR,TRUE,,,,active,,https://cdn.shopify.com/s/files/1/2250/3519/files/RitualRed_3.png?v=1777413920 | https://cdn.shopify.com/s/files/1/2250/3519/files/ChatGPT_Image_Apr_10_2026_07_03_51_PM_1.png?v=1777413919 | https://cdn.shopify.com/s/files/1/2250/3519/files/rn-image_picker_lib_temp_79af161c-2859-4ec1-8457-74952c92ead0.jpg?v=1777413920,|  |,"{""tags"":[""Create & Bloom Crafts"",""Resin Mica Pigment Powder"",""Shopify Collective""],""vendor"":""Create & Bloom Crafts"",""productType"":""Mica Powder""}",,,https://apexresin.co.uk/products/ritual-red-supreme-chameleon-pigment-powder-for-resin-crafts-mixed-media-3g,2026-07-08T05:45:20.102Z,2026-07-08T13:13:52.536Z,310e101ee54d17d0
apex-resin,supplies,15970216935804,Ultimate Resin Pigment and Sparkle Bundle: Poison Ivy!,ultimate-resin-pigment-and-sparkle-bundle-poison-ivy,Opaque Resin Pigments,,"Enchant your resin creations with the toxic allure of our Poison Ivy Pigment Collection. This venomous bundle is the perfect potion for all your autumn and Halloween projects, blending rich, bewitching pigments, eerie transparent tints, and sinister sparkles that will leave you spellbound. Collection Includes: 2 Bewitching Pigments - Lacewing & Juniper : These luxurious colours add a wicked depth to your resin, conjuring up the dark magic of a forbidden forest. 2 Eerie Transparent Tints - Black Diamond & Loch Lomond : These ghostly tints bring an enchanting glow to your creations, adding an ethereal touch that’s sure to hex. 2 Sinister Sparkles - Sorceress & Jinx : These malevolent glitters will give your projects a dazzlingly diabolical shimmer, ensuring they glint with every sinister flicker of light. Perfect for : Resin Halloween decorations Witchy-themed coasters and trinket dishes Enchanted jewellery Any autumnal project that needs a touch of the spellbinding Brew up your most enchanting creations yet with the Poison Ivy Pigment Collection. Your resin projects will be absolutely spellbinding!",41,41,INR,TRUE,,,,active,,https://cdn.shopify.com/s/files/1/2250/3519/files/black_and_green_resin_colours_pastes_and_glitters._Epoxy_resin_colours.png?v=1777413918 | https://cdn.shopify.com/s/files/1/2250/3519/files/WhatsAppImage2024-07-25at09.13.44_1.jpg?v=1777413918,|,"{""tags"":[""Create & Bloom Crafts"",""Resin Pigment Paste"",""Resin Sparkle"",""Resin Starter Kit"",""Shopify Collective""],""vendor"":""Create & Bloom Crafts"",""productType"":""Opaque Resin Pigments""}",,,https://apexresin.co.uk/products/ultimate-resin-pigment-and-sparkle-bundle-poison-ivy,2026-07-08T05:45:20.102Z,2026-07-08T13:13:52.536Z,3971115c3d652d97
apex-resin,supplies,15970216968572,"Set of 6 Luxury Pigment, Mica & Glitters: Summer Clash!",set-of-6-luxury-pigment-mica-glitters-summer-clash,Opaque Resin Pigments,,"Bring bold, sun-soaked energy to your creations with this vibrant Set of 6 Luxury Resin Pigment & Sparkle Collection , designed to capture the essence of summer in every pour. Inspired by tropical heat, juicy colour clashes, and carefree creative days, this collection is all about playful contrast and high-impact colour . At the heart of the set is a stunning tropical opaque epoxy resin pigment , delivering rich, solid coverage with a smooth, creamy finish, perfect for statement pieces that demand attention. Paired with this are two irresistible mica powders, Sunshine , a radiant golden glow, and Matcha , a fresh, green that brings balance and depth to your palette. To finish, two unique glitter blends add that signature Create and Bloom sparkle. Crush brings a bold, textured shimmer, while the second blend offers a beautifully eye-catching mix of light-catching particles, perfect for adding dimension and magic. These glitters are not just for resin, they’re ideal for mixed media, embellishments, and creative projects across your craft space. This is a collection made for artists who love to experiment, layer, and create pieces that feel alive with colour, movement, and summer joy. Features: Set of 6 luxury Bloom favourites Includes 1 Rose Pink opaque epoxy resin pigment for bold, solid colour coverage 2 shimmering mica powders – Sunshine & Matcha 2 unique glitter mixes including S, suitable for resin and mixed media Designed for epoxy resin artists seeking vibrant, high-impact summer tones Perfect for coasters, jewellery, trays, art panels, and creative projects Turn up the colour, embrace the contrast, and let your creativity shine with a collection that brings pure summer energy to every piece.",32,32,INR,TRUE,,,,out_of_stock,,https://cdn.shopify.com/s/files/1/2250/3519/files/Summer_Pop_colours_for_mixed_media_and_resin.jpg?v=1777413918 | https://cdn.shopify.com/s/files/1/2250/3519/files/SummerClash_1_1.png?v=1777413919,|,"{""tags"":[""Create & Bloom Crafts"",""Resin Mica Pigment Powder"",""Resin Pigment Paste"",""Resin Sparkle"",""Resin Starter Kit"",""Shopify Collective""],""vendor"":""Create & Bloom Crafts"",""productType"":""Opaque Resin Pigments""}",,,https://apexresin.co.uk/products/set-of-6-luxury-pigment-mica-glitters-summer-clash,2026-07-08T05:45:20.102Z,2026-07-08T13:13:52.536Z,a08eea1c1d36e1f3
apex-resin,supplies,15970217001340,"Widow's Ochre – SUPREME Chameleon Pigment Powder for Resin, Crafts & Mixed Media 3g",widows-ochre-supreme-chameleon-pigment-powder-for-resin-crafts-mixed-media-3g,Mica Powder,,"Widow’s Ochre is not merely a pigment; it is warmth with a weight to it. A deep, golden ochre infused with earthy richness and muted elegance, it carries the feeling of aged gold, sun-warmed stone, and timeworn tapestries. Its colour glows with a restrained brilliance, rich honeyed amber layered with soft clay and antique brass undertones, creating a finish that feels grounded, storied, and undeniably luxurious. This is a pigment for makers who appreciate heritage tones and subtle opulence. Finely milled and beautifully smooth, Widow’s Ochre delivers a refined, velvety application with exceptional depth. Highly concentrated and effortlessly blendable, it offers a richness that builds slowly and deliberately, making it perfect for thoughtful, intentional work rather than hurried creations. Whether brushed into resin moulds, burnished across textured surfaces, or layered into mixed media pieces, Widow’s Ochre brings warmth and gravitas to your work. It pairs beautifully with deep neutrals, moody purples, forest greens, and inky blacks, adding balance and richness without overpowering. This is a colour that feels both ancient and timeless, a quiet statement rather than a loud one. Features: 3g of luxury mica pigment in a micro pot Rich golden ochre with warm amber and earthy undertones Ultra-fine texture for smooth application and a soft, elegant finish Highly concentrated for deep colour with minimal use Ideal for resin projects, mixed media, painting, embellishment, and detail work Widow’s Ochre is a pigment to savour, warm, grounded, and full of quiet strength. A luxurious golden earth tone that lends depth and history to your creations, and proves that true richness lies in subtlety and intention. Mica powder itself is a naturally occurring mineral and is widely recognised as non-toxic. While our Chameleon pigment powders are safe to handle and suitable for creative and craft applications, they are not certified as cosmetic grade . This means they have not been tested or approved to meet the specific regulatory standards required for use in cosmetic products intended for application on the skin, lips, or eyes.",18,18,INR,TRUE,,,,active,,https://cdn.shopify.com/s/files/1/2250/3519/files/Special_effect_premium_chameleon_pigment_gold_old_gold_mica_powder.png?v=1777413919 | https://cdn.shopify.com/s/files/1/2250/3519/files/Widow_s_Ochre_Chameleon_Pigment_Powder.jpg?v=1777413918,|,"{""tags"":[""Create & Bloom Crafts"",""Resin Mica Pigment Powder"",""Shopify Collective""],""vendor"":""Create & Bloom Crafts"",""productType"":""Mica Powder""}",,,https://apexresin.co.uk/products/widows-ochre-supreme-chameleon-pigment-powder-for-resin-crafts-mixed-media-3g,2026-07-08T05:45:20.102Z,2026-07-08T13:13:52.536Z,ade4704df5402091
apex-resin,supplies,15980956287356,Opaque Epoxy Resin Pigment - Chrysanthemum,opaque-epoxy-resin-pigment-chrysanthemum,Opaque Resin Pigments,,"Soft, understated, and quietly elegant, Chrysanthemum is a very subtle cool orange epoxy pigment inspired by pale petals, spring light, and calm floral moments. This gentle shade sits beautifully between peach and muted apricot, offering warmth without overpowering, and a refined coolness that keeps it modern and versatile. In resin, Chrysanthemum delivers smooth, even coverage with a creamy appearance, making it ideal for delicate homewares, jewellery, and pieces where quiet colour confidence is key. It pairs effortlessly with soft neutrals, sage greens, warm greys, and dusky pinks for balanced, contemporary palettes. Features: 60g opaque resin pigment Soft cool orange tone with a smooth, creamy finish Opaque coverage for gentle yet confident colour payoff Light fast to keep creations looking fresh and true over time Suitable for resin and other compatible creative mediums A beautifully restrained pigment for artists seeking subtle warmth, refined colour, and timeless floral-inspired tones that let the design speak softly but confidently.",14,14,INR,TRUE,,,,active,,https://cdn.shopify.com/s/files/1/2250/3519/files/Cool_orange_paint_pigment_for_resin.png?v=1778241383 | https://cdn.shopify.com/s/files/1/2250/3519/files/Cool_Orange_pigment.jpg?v=1778241382,|,"{""tags"":[""Create & Bloom Crafts"",""Resin Pigment Paste"",""Shopify Collective""],""vendor"":""Create & Bloom Crafts"",""productType"":""Opaque Resin Pigments""}",,,https://apexresin.co.uk/products/opaque-epoxy-resin-pigment-chrysanthemum,2026-07-08T05:45:20.102Z,2026-07-08T13:13:52.536Z,a7b9725f71b04cd7
apex-resin,supplies,15980956680572,Opaque Epoxy Resin Pigment Paste Bundle: Neon Flux!,opaque-resin-neon-pigment-paste-bundle-neon-flux,Opaque Resin Pigments,,"Feeling bold? Welcome to Neon Flux, a show-stopping collection of seven ultra-vibrant neon pigments designed to electrify your resin art and bring pure joy to your creative process. Inspired by rave culture, 90s nostalgia, and bold self-expression, Neon Flux is not for the faint-hearted, this collection was made to stand out. From punchy pinks to high-voltage green, each pigment in this set is bursting with intensity and playfulness. Whether you’re creating psychedelic epoxy resin pours, funky jewellery, or bold statement pieces, Neon Flux will take your resin work from ordinary to unforgettable. These colours don’t whisper,they shout (in the best way possible). Included in this collection: Seven intense neon pigments for maximum impact 7 x 20g recyclable glass jars Lightfast and UV stable for lasting brilliance Colour swatches on the side and top for easy grab-and-go Turn up the volume in your art with Neon Flux, your ultimate toolkit for daring, radiant, and joy-filled creations.",59,59,INR,TRUE,,,,active,,https://cdn.shopify.com/s/files/1/2250/3519/files/Neon_Pigment_pastes_for_resin_and_Epoxy.png?v=1778241440 | https://cdn.shopify.com/s/files/1/2250/3519/files/rn-image_picker_lib_temp_66b6e827-1c63-456c-8413-1a623caee041.png?v=1778241448,|,"{""tags"":[""Create & Bloom Crafts"",""Resin Pigment Paste"",""Resin Starter Kit"",""Shopify Collective""],""vendor"":""Create & Bloom Crafts"",""productType"":""Opaque Resin Pigments""}",,,https://apexresin.co.uk/products/opaque-resin-neon-pigment-paste-bundle-neon-flux,2026-07-08T05:45:20.102Z,2026-07-08T13:13:52.536Z,27f5a30c1a6a2393
apex-resin,supplies,16031197069692,Premium Resin Pigment Paste & Glitter Set – Cloud Nine Dreams,premium-resin-pigment-paste-glitter-set-cloud-nine-dreams,Opaque Resin Pigments,,"Drift away from the noise of everyday life with Cloud Nine Dreams, a whimsical and uplifting resin pigment collection inspired by dreamy skies, soft florals, shimmering magic, and moments of pure creative escape. Carefully curated to spark wonder and imagination, this palette blends delicate pastels with bold, mesmerising chameleon effects for resin art that feels both ethereal and unforgettable. Featuring the soft sky blue tones of Skye, the romantic pink hues of Zinnia, and the rich pearlescent depth of Butterfly Flower, this collection captures the beauty of floating above the clouds. A Hint of Unicorn White Transparent adds soft light and dreamy dimension, whilst the two show-stopping chameleon pigments, Mystic Lagoon and Conjure, bring dramatic colour-shifting magic that transforms beautifully in the light. Perfect for celestial-inspired resin pours, dreamy ocean effects, sparkling jewellery, and magical home décor, Cloud Nine Dreams offers the perfect balance between softness and statement. Each shade has been chosen to work harmoniously together, allowing you to create resin pieces filled with depth, shimmer and pure escapism. Included in this collection: Skye Resin Pigment Zinnia Resin Pigment Butterfly Flower Pearl Pigment A Hint of Unicorn White Transparent Pigment Mystic Lagoon Chameleon Pigment Conjure Chameleon Pigment 6 x 20g recyclable glass jars Lightfast and UV stable for lasting vibrancy Colour swatch on the side and top for easy identification when stored Let your creativity drift into a world of colour, shimmer, and dreamy resin artistry with Cloud Nine Dreams, the ultimate collection for artists who want their creations to feel magical, soft and utterly unforgettable.",49,49,INR,TRUE,,,,active,,https://cdn.shopify.com/s/files/1/2250/3519/files/Cloud_Nine_Daydreams_resin_pigment_paste_collection_colours_for_resin_resin_dyes.png?v=1782167941 | https://cdn.shopify.com/s/files/1/2250/3519/files/A_hint_of_unicorn_sparkle_for_epoxy_resin_sparkling_white_resin_dye_marble_resin_marble_pigment_dye_ideas..png?v=1782167942,|,"{""tags"":[""Create & Bloom Crafts"",""New"",""Resin Pigment Paste"",""Resin Sparkle"",""Resin Starter Kit"",""Shopify Collective""],""vendor"":""Create & Bloom Crafts"",""productType"":""Opaque Resin Pigments""}",,,https://apexresin.co.uk/products/premium-resin-pigment-paste-glitter-set-cloud-nine-dreams,2026-07-08T05:45:20.102Z,2026-07-08T13:13:52.536Z,adbea5b3549150c2
apex-resin,supplies,16031198413180,Ladybird – Opaque Red Epoxy Resin Pigment Paste!,ladybird-opaque-red-epoxy-resin-pigment-paste,Opaque Resin Pigments,,"Bold, vibrant, and impossible to ignore, Ladybird Red is a rich, confident red pigment bursting with warmth and personality. Inspired by the cheerful little ladybird with its striking scarlet shell and sunny yellow markings, this eye-catching shade brings energy, joy, and creativity to every resin project. Designed to deliver strong, opaque coverage, Ladybird Red creates beautifully vivid results in coasters, jewellery, artwork, homewares, and decorative pieces. Pair it with bright yellows, crisp whites, deep blacks, or warm oranges to create stunning colour combinations that demand attention and make every piece pop. Features: 20g in a recyclable glass jar Lightfast and UV stable for long-lasting colour Opaque finish for bold, solid colour coverage Colour swatch on the side and lid for easy identification when stored Perfect for resin art, jewellery making, home décor, and creative projects A dazzling splash of vibrant red that transforms every resin creation into a confident colour statement.",10,10,INR,TRUE,,,,active,,https://cdn.shopify.com/s/files/1/2250/3519/files/LadybirdOpaqueredresinepoxypigment20g.png?v=1782168341,,"{""tags"":[""Create & Bloom Crafts"",""New"",""Resin Pigment Paste"",""Shopify Collective""],""vendor"":""Create & Bloom Crafts"",""productType"":""Opaque Resin Pigments""}",,,https://apexresin.co.uk/products/ladybird-opaque-red-epoxy-resin-pigment-paste,2026-07-08T05:45:20.102Z,2026-07-08T13:13:52.536Z,b139a67891c1ef3f
apex-resin,supplies,16034623226236,Baby Apex Bump it Up - For the resin ritual box ONLY,baby-apex-bump-it-up-for-the-resin-ritual-box-only,Epoxy Resin,,"Please note this product is for purchase alongside the Resin Ritual Pre-order Box! Orders without a ritual box, will be cancelled and reversed! For LARGER Apex Resin Sizes please click Here! To shop the Ritual Box - Please click Here! Apex Resin One Coat is a best-selling 1:1 clear epoxy resin trusted by artists and makers for its exceptional strength, crystal clarity, and reliable one-coat performance . Engineered for projects that demand durability and maximum shine, this high-performance resin is heat resistant up to 120°C (212°F) , making it ideal for coasters, trays, placemats, and functional resin pieces that need long-lasting protection. With its super high viscosity , Apex Resin One Coat flows smoothly, grips edges cleanly, and cures with zero shrinkage , delivering a flawless, glass-like finish every time. It is perfectly suited to resin art, doming, ocean art and lacing, geodes, jewellery, topcoats, and silicone mould work , allowing you to create raised lines, crisp detailing, and crystal-clear domes with ease. Creators love Apex One Coat for its fast, dependable cure , with layering possible every 2–4 hours depending on temperature . Whether you’re sealing artwork, building depth, adding sculpted detail, or crafting functional homeware, Apex Resin One Coat offers professional-grade results with clarity, strength, and a premium finish that lasts. Key Features 150ml total: 75ml Resin (Part A) + 75ml Hardener (Part B) 1:1 mixing ratio for ease and accuracy Heat resistant up to 120°C / 212°F Super high viscosity for doming, raised lines & sculpted detail Zero shrinkage for consistent, professional results Crystal clear, high-gloss, scratch-resistant finish Working time: 20–30 minutes at 25°C Touch dry:Approx. 2 hours at 25°C 4–5 hours depending on pour depth Full cure: 24–48 hours Perfect For Resin art topcoats and artwork sealing Coasters, trays & decorative homeware Ocean art, resin cells & lacing techniques Geode lines and sculpted accents Jewellery making and silicone mould projects Doming and thick resin coatings Layering multiple pours High-gloss protective finishes To find out more or which resin for the job - Watch this video. Important Information You must read the Health & Safety instructions before using this resin HERE! Instructions are not included in the box, please follow the guidance provided on the the website. Please Note: Our Resin Tester Kit sizes are dispatched directly by Lou from her Create and Bloom Crafts studio. They will arrive in a separate package to any other Apex Resin products and additional postage costs may apply. Wholesale, Kits & Event Use If you're planning to use Apex Resin in kits, workshops, classes or events, please get in touch. A permissions agreement is required for selling or gifting Apex Resins outside of the Apex website. Permissions are discretionary and may not always be available at the time requested.",7,7,INR,TRUE,,,,active,,https://cdn.shopify.com/s/files/1/2250/3519/files/Create_BloomCraftsApexResin_1a50f953-03de-4f3f-81ff-73a3cb08deb5.jpg?v=1782566547,,"{""tags"":[""Create & Bloom Crafts"",""New"",""Resin Starter Kit"",""Shopify Collective""],""vendor"":""Create & Bloom Crafts"",""productType"":""Epoxy Resin""}",,,https://apexresin.co.uk/products/baby-apex-bump-it-up-for-the-resin-ritual-box-only,2026-07-08T05:45:20.102Z,2026-07-08T13:13:52.536Z,c680400f14d47063
apex-resin,supplies,16034623259004,Wooden Casting Hoop for Eco Pour - Impression hoop,wooden-casting-hoop-for-eco-pour-pouring-crafts-impression-hoop,Tools,,"Create beautiful, modern wall décor with our Wooden Casting Hoops – the perfect blank canvas for Eco Pour, Apex Resin and mixed media projects. Crafted from smooth natural wood, this large hoop creates a stunning statement piece for your home. Fill the centre with terrazzo effects, marbling, botanicals, metallic details or your own unique designs. It's also perfect for creating beautiful nature impression casts by pressing leaves, flowers, grasses or other natural treasures into Eco Pour before casting. Whether you're creating minimalist décor or something bold and colourful, this hoop offers endless creative possibilities. Perfect for workshops, home crafting and thoughtful handmade gifts. Features: • Smooth natural wooden finish • Ideal for Eco Pour, Resin and mixed media • Lightweight yet sturdy • Perfect for wall hangings and home décor • Ready to decorate or leave beautifully natural Please note: Due to the natural properties of wood, slight variations in grain and colour may occur, making every hoop beautifully unique.",4,5,INR,TRUE,,,,active,,https://cdn.shopify.com/s/files/1/2250/3519/files/Wooden_hoop_for_eco_pour_impressions_casting_in_clay_-_wooden_hoop.png?v=1782566547 | https://cdn.shopify.com/s/files/1/2250/3519/files/Eco_Pour_impressions.jpg?v=1782566547,|,"{""tags"":[""Art Boards"",""Create & Bloom Crafts"",""New"",""Shopify Collective""],""vendor"":""Create & Bloom Crafts"",""productType"":""Tools""}",,,https://apexresin.co.uk/products/wooden-casting-hoop-for-eco-pour-pouring-crafts-impression-hoop,2026-07-08T05:45:20.102Z,2026-07-08T13:13:52.536Z,36734a24686f1c53
apex-resin,supplies,16034623291772,Resin Craft Ritual Box – Gathered by the tide 'Issue Two',resin-craft-ritual-box-gathered-by-the-tide-ocean-art,Craft Kit,,"Welcome to Gathered by the Tide , the second edition of the Create & Bloom Resin Ritual Collection, an ocean-inspired creative experience designed to help you slow down, create with intention, and gather with friends. While your Resin Ritual Box doesn't include resin, you can complete your experience by adding resin at a reduced price when purchased alongside your box. Baby Apex Resin – Here Please checkout both items together. This is so much more than a craft kit. It's a seasonal creative ritual, thoughtfully designed for those who crave creativity, calm, connection and a little time away from the noise of everyday life. Each quarter you'll receive a beautifully curated epoxy resin creative experience, delivered straight to your door, featuring: One exclusive guided resin project designed to inspire and gently develop your creativity. A curated selection of new and exclusive Create & Bloom products, giving you early access to colours, pigments, mica powders, glitters, sparkles and exciting new releases before they arrive on the shelf. Seasonal colour inspiration and guidance to help build confidence while encouraging you to discover your own creative style. A mindful, slow-creating experience that invites you to pause, breathe and simply enjoy the process. Whether you're completely new to resin or have been creating for years, every Resin Ritual Box has been carefully developed to support your creative journey. Beginners will feel guided and confident, while more experienced makers will enjoy exploring new techniques, exclusive products and fresh inspiration that continue to develop their skills. Your Resin Ritual Box will be dispatched directly from the Bloom Studios on the advertised dispatch date and will arrive beautifully presented in a signature brown postal box, complete with the award-winning Create & Bloom craft kit presentation you already know and love. Inside you'll also discover a collectible edition card and an inspiration card, making every quarterly release something to treasure, revisit and collect. To complete your experience, you'll receive exclusive access to a step-by-step guided video hosted by Lou, Carolyn, or sometimes both, bringing the familiar warmth and encouragement of the Bloom community directly into your creative space. Resin Ritual Collection Gathered by the Tide is Resin Ritual Box No. 2 in the Create & Bloom Resin Ritual Collection. Each quarterly edition is completely unique, featuring a brand-new guided project, exclusive products, seasonal inspiration and collectible keepsakes. Once an edition has sold out, it becomes part of the Resin Ritual story, making every box a special chapter to collect, revisit and remember. Important Delivery Information Please note that Resin Ritual Boxes are available as pre-orders . If you purchase additional create and bloom items from our website in the same order as your Resin Ritual Box, your entire order will be held and dispatched together when your Resin Ritual Box is ready to ship. If you need any other items sooner, we kindly ask that you place them as a separate order , and we'll dispatch those in our usual timescales. Thank you for understanding and helping us keep our Resin Ritual Boxes as affordable as possible while ensuring every box arrives as the complete experience it was designed to be.",69,69,INR,TRUE,,,,active,,https://cdn.shopify.com/s/files/1/2250/3519/files/Ocean_inspired_-_resin_ritual_box_subscription_box.png?v=1782566548 | https://cdn.shopify.com/s/files/1/2250/3519/files/ocean_Inspired_-_resin_ritual_-_resin_subscription.png?v=1782566548,|,"{""tags"":[""Create & Bloom Crafts"",""New"",""Resin Starter Kit"",""Shopify Collective""],""vendor"":""Create & Bloom Crafts"",""productType"":""Craft Kit""}",,,https://apexresin.co.uk/products/resin-craft-ritual-box-gathered-by-the-tide-ocean-art,2026-07-08T05:45:20.102Z,2026-07-08T13:13:52.536Z,57b836d392d8ee2a
apex-resin,supplies,16034623357308,Silicone Mould for Resin Crafts - Geometric Round Coaster,silicone-mould-for-resin-crafts-geometric-round-coaster,Silicone Mould,,"Create beautifully refined homewares with this 13cm geometric floral edge coaster mould , designed for crisp lines and delicate detail. The softly faceted shape gives your finished pieces a modern cut-glass look, while the subtle floral rim adds a decorative softness that feels elegant rather than busy. Made from high-quality flexible silicone, this mould releases effortlessly, preserving fine edges and keeping surfaces smooth and professional. It’s ideal for epoxy resin and Eco Pour, perfect for coasters, jewellery trays, trinket dishes, and decorative accents that elevate everyday spaces. Whether poured in clear resin with pressed botanicals, terrazzo chips, pearlescent pigments or soft neutral tones, this design creates a finished piece that looks intentionally styled, not homemade, the kind of detail customers instantly pick up and hold. Features: 13cm finished coaster size High-quality flexible silicone for easy demoulding Crisp geometric sides with delicate floral edge detail Smooth interior surface for a glossy finish Suitable for epoxy resin and eco pour Ideal for coaster s, jewellery trays, ring dishes and decorative homewares Durable, reusable and easy to clean A mould that turns simple pours into statement pieces, refined, gift-worthy and unmistakably professional.",5,5,INR,TRUE,,,,active,,https://cdn.shopify.com/s/files/1/2250/3519/files/silicon_mould_round_geometric_coaster_mould.png?v=1782566547 | https://cdn.shopify.com/s/files/1/2250/3519/files/Geometric_round_coaster_mould.png?v=1782566548,|,"{""tags"":[""Create & Bloom Crafts"",""New"",""Resin Mould"",""Shopify Collective""],""vendor"":""Create & Bloom Crafts"",""productType"":""Silicone Mould""}",,,https://apexresin.co.uk/products/silicone-mould-for-resin-crafts-geometric-round-coaster,2026-07-08T05:45:20.102Z,2026-07-08T13:13:52.536Z,8c887b36bddb96b8
apex-resin,supplies,15787288494460,Opaque Resin Pigment: Delphinium Purple!,opaque-resin-pigment-delphinium-purple,Opaque Resin Pigments,,"Delphinium, a pastel purple pigment that brings a soft, enchanting touch to your Epoxy resin art projects. This epoxy resin pigment paste offers a gentle, sophisticated hue that evokes the delicate beauty of lilac delphinium blooms. Its pastel tone is perfect for creating serene, dreamy effects in your resin beach art or resin mould pours. Whether you’re crafting intricate floral scenes or aiming for a subtle, ethereal look, Delphinium provides the perfect balance of elegance and tranquility. Elevate your resin creations with the captivating charm of Delphinium and achieve stunning, professional-grade results with every pour. Delphinium - Pastel Purple Opaque Resin Pigment 60g glass recyclable jar Lightfast & UV stable Colour swatch on side and top so you can see the colour when stored Discover the unmatched quality of Create and Bloom resin pigments, specially formulated to bring your creative visions to life. With over 60 colour choices available, you really are spoilt for choice. Create and Bloom epoxy resin pigments boast excellent light fastness, guaranteeing that your creations will maintain their brilliance over time. The intense opacity of the Bloom resin pigments ensures rich, deep colours with every use. NB: Use Opaque pigments at no more than 10% per mix to ensure vibrant and consistent results. For the best outcomes with Apex Resin UV, mix 1% pigment with and cure it with a beauty lamp.",14,14,INR,TRUE,,,,active,,https://cdn.shopify.com/s/files/1/2250/3519/files/OpaqueResinDelphiniumPurple.jpg?v=1765813860,,"{""tags"":[""Create & Bloom Crafts"",""Resin Pigment Paste"",""Shopify Collective""],""vendor"":""Create & Bloom Crafts"",""productType"":""Opaque Resin Pigments""}",,,https://apexresin.co.uk/products/opaque-resin-pigment-delphinium-purple,2026-07-08T05:45:20.102Z,2026-07-08T13:13:52.536Z,d8184e99c683e8bf
apex-resin,supplies,15787288723836,Opaque Resin Pigment: Berneray Aquamarine,opaque-resin-pigment-berneray-aquamarine,Opaque Resin Pigments,,"Berneray is an island that combines stunning scenery with a rich history and heritage - the most atmospheric waters can be found in Berneray; often mistaken for exotic waters. Think beautiful nostalgic blues, with delicate turquoise additions thrown into the mix and you have yourself the most beautiful aquamarine resin pigment. Berneray = Aquamarine Opaque Resin Pigment 60g glass recyclable jar Lightfast & UV stable Colour swatch on side and top so you can see the colour when stored",14,14,INR,TRUE,,,,out_of_stock,,https://cdn.shopify.com/s/files/1/2250/3519/files/Create_BloomOpaqueResinPigmentBerneray_2.jpg?v=1765813866 | https://cdn.shopify.com/s/files/1/2250/3519/files/Create_BloomOpaqueResinPigmentBerneray_1.jpg?v=1765813865,|,"{""tags"":[""Create & Bloom Crafts"",""Resin Pigment Paste"",""Shopify Collective""],""vendor"":""Create & Bloom Crafts"",""productType"":""Opaque Resin Pigments""}",,,https://apexresin.co.uk/products/opaque-resin-pigment-berneray-aquamarine,2026-07-08T05:45:20.102Z,2026-07-08T13:13:52.536Z,2540fe3d261b81fd
apex-resin,supplies,15787288789372,Opaque Resin Pigment: Foxglove Pink!,opaque-resin-pigment-foxglove-pink,Opaque Resin Pigments,,"Bring your epoxy resin creations to life with Foxglove , a stunning fuchsia pink pigment that sits perfectly between vivid purple and vibrant pink. Inspired by the brightest foxgloves in a sunlit garden, this rich, bold colour adds a burst of energy and joy to any resin project. Designed for epoxy resin artists , Foxglove delivers vibrant, lightfast colour that retains its brilliance over time. Its smooth, opaque texture makes it ideal for coasters, jewellery, art panels, and other resin creations where high-impact colour and long-lasting vibrancy are key. Features: 60g in a recyclable glass jar for eco-friendly storage Lightfast and UV stable , keeping your resin art vibrant and fade-resistant Opaque pigment for bold, solid colour coverage Colour swatch on top and side for easy identification when stored Perfect for resin art, jewellery making, coasters, and creative projects Elevate your epoxy resin projects with the joyful, eye-catching vibrancy of Foxglove Fuchsia Pink Pigment, a must-have for artists seeking rich, long-lasting colour that truly stands out .",14,14,INR,TRUE,,,,active,,https://cdn.shopify.com/s/files/1/2250/3519/files/Create_BloomOpaqueResinPigmentFoxglovePink_2.jpg?v=1765813866 | https://cdn.shopify.com/s/files/1/2250/3519/files/Create_BloomOpaqueResinPigmentFoxglovePink_1.jpg?v=1765813865,|,"{""tags"":[""Create & Bloom Crafts"",""Resin Pigment Paste"",""Shopify Collective""],""vendor"":""Create & Bloom Crafts"",""productType"":""Opaque Resin Pigments""}",,,https://apexresin.co.uk/products/opaque-resin-pigment-foxglove-pink,2026-07-08T05:45:20.102Z,2026-07-08T13:13:52.536Z,16ffe4228fc3280f
apex-resin,supplies,15787288854908,Opaque Resin Pigment: Cocoa Bean Brown,opaque-resin-pigment-cocoa-bean-brown,Opaque Resin Pigments,,"Think of rich Brown Jasper or Smokey Quartz crystal hues and you have yourself the essential brown for your resin pigment craft stash. This earthy colour represents willpower and strength. Brown colour choices help us feel more grounded, so if you feel overwhelmed then bring back stability and orderliness in your life with mother nature's browns and greens. Cocoa Bean = Brown Opaque Resin Pigment 60g glass recyclable jar Lightfast & UV stable Colour swatch on side and top so you can see the colour when stored",14,14,INR,TRUE,,,,active,,https://cdn.shopify.com/s/files/1/2250/3519/files/Create_BloomOpaqueResinPigmentCocoaBean_2.jpg?v=1765813866 | https://cdn.shopify.com/s/files/1/2250/3519/files/Create_BloomOpaqueResinPigmentCocoaBean_1.jpg?v=1765813865,|,"{""tags"":[""Create & Bloom Crafts"",""Resin Pigment Paste"",""Shopify Collective""],""vendor"":""Create & Bloom Crafts"",""productType"":""Opaque Resin Pigments""}",,,https://apexresin.co.uk/products/opaque-resin-pigment-cocoa-bean-brown,2026-07-08T05:45:20.102Z,2026-07-08T13:13:52.536Z,1fd665292b4ca85c
apex-resin,supplies,15787289018748,Opaque Resin Pigment: Almost Midnight Blue,opaque-resin-pigment-almost-midnight-blue,Opaque Resin Pigments,,"Nature takes us on a journey into a world where deep, moody blues unfold like a story written in the ink of early off shore wintery night. Welcome to my deep dark blue, a transcendent experience where the spirit of deep sea waters fade into dark night stormy seas. Feel the mystical aura of this enchanting darkest of blue pigments. An intricate melancholic elegance that harmoniously intertwine when paired up with my other gorgeous resin hues. Almost Midnight = Dark Blue Opaque Resin Pigment 60g glass recyclable jar Lightfast & UV stable Colour swatch on side and top so you can see the colour when stored",14,14,INR,TRUE,,,,out_of_stock,,https://cdn.shopify.com/s/files/1/2250/3519/files/AlmostMidnightPic1.jpg?v=1765813865,,"{""tags"":[""Create & Bloom Crafts"",""Resin Pigment Paste"",""Shopify Collective""],""vendor"":""Create & Bloom Crafts"",""productType"":""Opaque Resin Pigments""}",,,https://apexresin.co.uk/products/opaque-resin-pigment-almost-midnight-blue,2026-07-08T05:45:20.102Z,2026-07-08T13:13:52.536Z,8364b4338aa273ab
apex-resin,supplies,15787289051516,Opaque Resin Pigment: Kingfisher Turquoise,opaque-resin-pigment-kingfisher-turquoise,Opaque Resin Pigments,,"Bright Turquoise Resin Pigment; a vibrant infusion of colour that transforms your resin projects into captivating masterpieces. This lively pigment captures the essence of tropical waters, adding a pop of fresh energy to your artistic resin endeavours. Whether you're crafting ocean-inspired Jewellery, abstract artworks, or contemporary epoxy home décor, the Bloom Kingfisher opaque resin pigment is your key to infusing brilliance and style into every creation. Kingfisher = Turquoise Opaque Resin Pigment 60g glass recyclable jar Lightfast & UV stable Colour swatch on side and top so you can see the colour when stored",14,14,INR,TRUE,,,,out_of_stock,,https://cdn.shopify.com/s/files/1/2250/3519/files/Create_BloomOpaquePigmentKingfisher.jpg?v=1765813866,,"{""tags"":[""Create & Bloom Crafts"",""Resin Pigment Paste"",""Shopify Collective""],""vendor"":""Create & Bloom Crafts"",""productType"":""Opaque Resin Pigments""}",,,https://apexresin.co.uk/products/opaque-resin-pigment-kingfisher-turquoise,2026-07-08T05:45:20.102Z,2026-07-08T13:13:52.536Z,303aa647c7491470
apex-resin,supplies,15787289084284,Opaque Resin Pigment: Forsythia Yellow,opaque-resin-pigment-forsythia-yellow,Opaque Resin Pigments,,"Introducing the brightest yellow resin pigment in town; add a burst of sunshine in every drop, designed to infuse your resin creations with vibrant energy and warmth. This breath taking Forsythia opaque resin colour is a celebration of all things bold and brilliant, adding a pop of joy to your artistic endeavours. Whether you're crafting cheerful home décor, eye-catching jewellery, or vivid tumbler maker, the Bloom bright yellow resin pigment is your go-to for radiant colour. Forsythia = Yellow Opaque Resin Pigment 60g glass recyclable jar Lightfast & UV stable Colour swatch on side and top so you can see the colour when stored",14,14,INR,TRUE,,,,active,,https://cdn.shopify.com/s/files/1/2250/3519/files/Create_BloomCraftsForsythiaOpaquePigment.jpg?v=1765813865 | https://cdn.shopify.com/s/files/1/2250/3519/files/Create_BloomOpaquePigmentForsythia1.jpg?v=1765813866,|,"{""tags"":[""Create & Bloom Crafts"",""Resin Pigment Paste"",""Shopify Collective""],""vendor"":""Create & Bloom Crafts"",""productType"":""Opaque Resin Pigments""}",,,https://apexresin.co.uk/products/opaque-resin-pigment-forsythia-yellow,2026-07-08T05:45:20.102Z,2026-07-08T13:13:52.536Z,969d8a4800935c85
apex-resin,supplies,15787289117052,Opaque Resin Pigment: Peninsula Blue,opaque-resin-pigment-peninsula-blue,Opaque Resin Pigments,,"Looking for a blue that screams Summer? Peninsula blue is one of the most quintessentially summery colours out there. Use my Blue Opaque Resin Pigment for happy blue skies, blue waters or even the rich blues of hydrangeas in all your gorgeous resin artworks. It is pretty perfect in moulds and dirty pours too! Peninsula = Bright Blue Opaque Resin Pigment 60g glass recyclable jar Lightfast & UV stable Colour swatch on side and top so you can see the colour when stored",14,14,INR,TRUE,,,,active,,https://cdn.shopify.com/s/files/1/2250/3519/files/Create_BloomOpaqueResinPigmentPeninsula_2.jpg?v=1765813865 | https://cdn.shopify.com/s/files/1/2250/3519/files/Create_BloomOpaqueResinPigmentPeninsula_1.jpg?v=1765813866,|,"{""tags"":[""Create & Bloom Crafts"",""Resin Pigment Paste"",""Shopify Collective""],""vendor"":""Create & Bloom Crafts"",""productType"":""Opaque Resin Pigments""}",,,https://apexresin.co.uk/products/opaque-resin-pigment-peninsula-blue,2026-07-08T05:45:20.102Z,2026-07-08T13:13:52.536Z,db66379a993b3d66
apex-resin,supplies,15787289182588,Opaque Resin Pigment: Musk Mallow Pink,opaque-resin-pigment-musk-mallow-pink,Opaque Resin Pigments,,"The most beautiful champagne rose pigment I could find, Musk Mallow Pink Opaque Resin Pigment is a beautiful pink tone that will complement precious homeware, wedding creations and also jewellery makes. I like to team Musk Mallow with Salvia; they create a sense of balance and harmony together just perfectly. Musk Mallow = Pink Opaque Resin Pigment 60g glass recyclable jar Lightfast & UV stable Colour swatch on side and top so you can see the colour when stored",14,14,INR,TRUE,,,,active,,https://cdn.shopify.com/s/files/1/2250/3519/files/Create_BloomOpaqueResinPigmentMuskMallow_1.jpg?v=1765813866 | https://cdn.shopify.com/s/files/1/2250/3519/files/Create_BloomOpaqueResinPigmentMuskMallow_2.jpg?v=1765813865,|,"{""tags"":[""Create & Bloom Crafts"",""Resin Pigment Paste"",""Shopify Collective""],""vendor"":""Create & Bloom Crafts"",""productType"":""Opaque Resin Pigments""}",,,https://apexresin.co.uk/products/opaque-resin-pigment-musk-mallow-pink,2026-07-08T05:45:20.102Z,2026-07-08T13:13:52.536Z,21d73bb49718f631
apex-resin,supplies,15788118114684,Transparent Resin Pigment: Cardinal!,transparent-resin-pigment-cardinal,Transparent Resin Tints,,"Cardinal is a high-quality transparent red tint designed specifically for epoxy resin, perfect for adding rich, glass-like colour to large pours and layered resin artwork. Whether you're working on resin river tables, furniture pieces, or looking to build striking depth in layered art projects, Cardinal offers bold, buildable colour without compromising clarity. This vibrant red tint disperses evenly throughout the resin, giving you a smooth finish that enhances both detail and dimension. Compatible with all epoxy resin systems, Cardinal is particularly well-suited for both shallow and deep resin pours, including table moulds and geode-inspired designs. High-quality transparent red tint Ideal for deep pours such as resin river tables and large moulds Adds depth and richness to layered resin art Blendable, buildable, and UV-stable Suitable for epoxy resin only Add 2%-5% to your final resin mix!",9,9,INR,TRUE,,,,out_of_stock,,https://cdn.shopify.com/s/files/1/2250/3519/files/WhatsAppImage2025-05-16at13.00.14_1.jpg?v=1765841104 | https://cdn.shopify.com/s/files/1/2250/3519/files/WhatsApp_Image_2025-05-16_at_13.16.25_1.jpg?v=1765841105 | https://cdn.shopify.com/s/files/1/2250/3519/files/WhatsApp_Image_2025-05-16_at_13.16.34_1.jpg?v=1765841106,|  |,"{""tags"":[""Create & Bloom Crafts"",""Resin Pigment Paste"",""Shopify Collective""],""vendor"":""Create & Bloom Crafts"",""productType"":""Transparent Resin Tints""}",,,https://apexresin.co.uk/products/transparent-resin-pigment-cardinal,2026-07-08T05:45:20.102Z,2026-07-08T13:13:52.536Z,f7a15fc184e5b85e
apex-resin,supplies,15788118147452,Transparent Resin Pigment: Black Diamond,transparent-resin-pigment-black-diamond,Transparent Resin Tints,,"Add some luxury to your resin pour with this beautiful calm grey to black transparent tint. Are you looking for a smoky hue? If so, Black Diamond is the resin pigment for you. Perfect for creating a subtle tint in your resin river table or your resin jewellery makes, team this pigment with other transparent tints and it will give them substance without drawing too much attention on itself. This colour has no ego and is happy to step to the side making it a truly wonderful partnership for both striking and contemporary art pieces whilst helping other colours steal the show. Super-rich lightfast resin tints that can be used to add a transparent (see through) colour to all clear casting resins. Simply add just a few drops to create a subtle tint or add more to create a stronger 'stained glass' effect. Perfect for resin jewellery, resin mould work and even for creating depth in resin artwork creations. 20g glass recyclable jar. Lightfast & UV stable. Colour swatch on side and top so you can see the colour when stored. Easy to use – just add a few drops - no more than 2% by volume. Less is more with these pigments; be careful not to add too much. Too much will result in bendy or sticky resin.",9,9,INR,TRUE,,,,active,,https://cdn.shopify.com/s/files/1/2250/3519/files/Create_BloomTransparentTintBlackDiamond.jpg?v=1765841106 | https://cdn.shopify.com/s/files/1/2250/3519/files/Create_BloomTransparentTintBlackDiamond2.jpg?v=1765841105,|,"{""tags"":[""Create & Bloom Crafts"",""Resin Pigment Paste"",""Shopify Collective""],""vendor"":""Create & Bloom Crafts"",""productType"":""Transparent Resin Tints""}",,,https://apexresin.co.uk/products/transparent-resin-pigment-black-diamond,2026-07-08T05:45:20.102Z,2026-07-08T13:13:52.536Z,c6216e9606cea942
apex-resin,supplies,15788118212988,Transparent Resin Pigment: Pink Sky,transparent-resin-pigment-pink-sky,Transparent Resin Tints,,"Inspired by the 'Red sky at night, Shepherds delight' this colour is guaranteed to get your creative juices flowing. A shade that exuberates self expression, joy and even a little temptation for a bit more experimentation. Pink Sky is both brave and fearless, a pulsating tone whose exuberance promotes a joyous and optimistic celebration of colour. Pink Sky welcomes artists and crafters with the same verve for life and rebellious spirit as the next. It is a colour that is audacious, full of charm and quite frankly blooming beautiful. Try teaming Pink Sky with Stag Beetle and and Foxglove and you’ll have yourself a fantastic palette for your next geode masterpiece. 20g glass recyclable jar. Lightfast & UV stable. Colour swatch on side and top so you can see the colour when stored. Easy to use – just add a few drops - no more than 2% by volume. Less is more with these pigments; be careful not to add too much. Too much will result in bendy or sticky resin.",9,9,INR,TRUE,,,,active,,https://cdn.shopify.com/s/files/1/2250/3519/files/Create_BloomTransparentTintPinkSky.jpg?v=1765841110 | https://cdn.shopify.com/s/files/1/2250/3519/files/Create_BloomTransparentTintPinkSky2.jpg?v=1765841110,|,"{""tags"":[""Create & Bloom Crafts"",""Resin Pigment Paste"",""Shopify Collective""],""vendor"":""Create & Bloom Crafts"",""productType"":""Transparent Resin Tints""}",,,https://apexresin.co.uk/products/transparent-resin-pigment-pink-sky,2026-07-08T05:45:20.102Z,2026-07-08T13:13:52.536Z,953e57fe3973f31b
apex-resin,supplies,15788118245756,Transparent Resin Pigment: Mist White,transparent-resin-pigment-mist-white,Transparent Resin Tints,,"The essential cool white tint that helps to achieve a subtle misty colour in all of your resin creations. This shade is guarantied to enhance other darker tones appear brighter whilst maintaining sophistication within your work. You only need to add the tiniest amount of this pigment for a ‘barely there’ subtle and misty appearance, too much and you risk an opaque representation of white, rather than the typical ‘see through’ colour you would like. This colour works well when mixed with other transparent pigments from my range, this then allows for a greater colour palette within your resin stash. 20g glass recyclable jar. Lightfast & UV stable. Colour swatch on side and top so you can see the colour when stored. Easy to use – just add a few drops - no more than 2% by volume. Less is more with these pigments; be careful not to add too much. Too much will result in bendy or sticky resin.",9,9,INR,TRUE,,,,out_of_stock,,https://cdn.shopify.com/s/files/1/2250/3519/files/Create_BloomTransparentTintMist.jpg?v=1765841110 | https://cdn.shopify.com/s/files/1/2250/3519/files/Create_BloomTransparentTintMist2.jpg?v=1765841110,|,"{""tags"":[""Create & Bloom Crafts"",""Resin Pigment Paste"",""Shopify Collective""],""vendor"":""Create & Bloom Crafts"",""productType"":""Transparent Resin Tints""}",,,https://apexresin.co.uk/products/transparent-resin-pigment-mist-white,2026-07-08T05:45:20.102Z,2026-07-08T13:13:52.536Z,37cbdc802b69b951
apex-resin,supplies,15788118278524,Transparent Resin Pigment: Damselfly Turquoise,transparent-resin-pigment-damselfly-turquoise,Transparent Resin Tints,,"Decadent yet humble, this beautiful turquoise shade is one of my faves. The Damselfly represents purity and is often seen during peaceful and calm weather. We all know that pouring resin creates a feeling of peace and tranquillity (unless you've got a tricky demould) and this aqua colour is perfectly fitting for those moments. Use Damselfly with Shallows and Deep Water to create the ultimate ocean art, try mixing it with Earthly glitter and a selection of browns such as Cocoa Bean and Field Blewitt for contemporary vibes. 20g glass recyclable jar. Lightfast & UV stable. Colour swatch on side and top so you can see the colour when stored. Easy to use – just add a few drops - no more than 2% by volume. Less is more with these pigments; be careful not to add too much. Too much will result in bendy or sticky resin.",9,9,INR,TRUE,,,,out_of_stock,,https://cdn.shopify.com/s/files/1/2250/3519/files/Create_BloomDamselflyTurquoiseTransparentTint.jpg?v=1765841110 | https://cdn.shopify.com/s/files/1/2250/3519/files/Create_BloomTransparentTintDamselfly2.jpg?v=1765841111 | https://cdn.shopify.com/s/files/1/2250/3519/files/DamselflyPic2-SarahElizabethResin.jpg?v=1765841111,|  |,"{""tags"":[""Create & Bloom Crafts"",""Resin Pigment Paste"",""Shopify Collective""],""vendor"":""Create & Bloom Crafts"",""productType"":""Transparent Resin Tints""}",,,https://apexresin.co.uk/products/transparent-resin-pigment-damselfly-turquoise,2026-07-08T05:45:20.102Z,2026-07-08T13:13:52.536Z,205c5ef549e98ca1
apex-resin,supplies,15788118311292,Transparent Resin Pigment: Loch Lomond Green,transparent-resin-pigment-loch-lomond-green,Transparent Resin Tints,,"It’s not the boldest of sea green, but more of a distinguished lake green; rest assured there are no monsters hiding in its depths, but Loch Lomond is as stunning a tint you’re ever likely to see. Shrouded in atmosphere, this tint will complement any resin seascape colours. Hell, she is so complimentary she’d even pull off orange and purple in a one of a kind dirty pour. Super-rich lightfast resin tints that can be used to add a transparent (see through) colour to all clear casting resins. Simply add just a few drops to create a subtle tint or add more to create a stronger 'stained glass' effect. Perfect for resin jewellery, resin mould work and even for creating depth in resin artwork creations. 20g glass recyclable jar. Lightfast & UV stable. Colour swatch on side and top so you can see the colour when stored. Easy to use – just add a few drops - no more than 2% by volume. Less is more with these pigments; be careful not to add too much. Too much will result in bendy or sticky resin.",9,9,INR,TRUE,,,,active,,https://cdn.shopify.com/s/files/1/2250/3519/files/Create_BloomTransparentTintLochLomond.jpg?v=1765841111 | https://cdn.shopify.com/s/files/1/2250/3519/files/rn-image_picker_lib_temp_fde5b2da-a7c4-4089-a013-8da1bd8c211f.png?v=1765841111,|,"{""tags"":[""Create & Bloom Crafts"",""Resin Pigment Paste"",""Shopify Collective""],""vendor"":""Create & Bloom Crafts"",""productType"":""Transparent Resin Tints""}",,,https://apexresin.co.uk/products/transparent-resin-pigment-loch-lomond-green,2026-07-08T05:45:20.102Z,2026-07-08T13:13:52.536Z,0490b51c66489f42
apex-resin,supplies,15788194922876,Simply Shimmering Mixed Media Mica Powder: Pinky Promise Pink!,simply-shimmering-mixed-media-mica-powder-pinky-promise-pink,Mica Powder,,"Dive into the soothing sheens and shimmers of this exquisite powder, we Pinky Promise the colour graduations, subtle depth, and the beautiful essence are that of a 1980s Pink Lippy, Perfect for adding a radical touch of sophistication to your epoxy resin creations, mixed media pours, mould making, and more. Key Features: Vibrant Colour: A stunning blend of Cerise Pink hues. Versatile Use: Ideal for resin art, mould work, polymer clay and pouring arts. High-Quality: Finely milled for a smooth, consistent application. Inspirational: Brings a touch of glamour and boldness to your designs. Light Fast: Excellent light fastness, even when exposed to intense UV light Heat tolerant: Heat tolerant upto 150 degrees celcius Cosmetic Grade: Why not add some shimmer and sparkle to your nails?! For resin pours - add 1% for a transparent effect or up to 5% for a more opaque effect. Suitable for Epoxy, Polyesters and polyurethane resins! Top Tip: Create and Bloom mica powder pigments can be blended together to make unique colour choices, and are ideal for creating marbling and metallic effect castings. Create and Bloom mica powders adhere to the standards set by the American Society of Testing and Materials (ASTM), ensuring the highest quality, safety, and reliability for all your creative projects. Enhance your crafting game with Pinky Promise Mica Powder, and let your creativity shine with the colours of a tropical sunset!",6,6,INR,TRUE,,,,active,,https://cdn.shopify.com/s/files/1/2250/3519/files/SimplyShimmeringMixedMediaMicaPowderPinkyPromisePink.jpg?v=1765843587,,"{""tags"":[""Create & Bloom Crafts"",""Resin Mica Pigment Powder"",""Shopify Collective""],""vendor"":""Create & Bloom Crafts"",""productType"":""Mica Powder""}",,,https://apexresin.co.uk/products/simply-shimmering-mixed-media-mica-powder-pinky-promise-pink,2026-07-08T05:45:20.102Z,2026-07-08T13:13:52.536Z,5db4d70ad5762250
apex-resin,supplies,15788194955644,Simply Shimmering Mixed Media Mica Powder: Purple Rinse!,simply-shimmering-mixed-media-mica-powder-purple-rinse,Mica Powder,,"Step into the stylish world of Create and Bloom's Purple Rinse Mica Powder, where the rich colour variations, subtle depth, and captivating essence embody the chic charm of a classic purple rinse hairstyle. Embrace the vintage glamour of Purple Rinse and infuse your projects with a sense of sophisticated nostalgia and timeless beauty. Key Features: Vibrant Colour: A stunning blend of subtle Purple hues. Versatile Use: Ideal for resin art, mould work, polymer clay, and pouring arts. High-Quality: Finely milled for a smooth, consistent application. Inspirational: Brings a touch of glamour and boldness to your designs. Light Fast: Excellent light fastness, even when exposed to intense UV light. Heat Tolerant: Heat tolerant up to 150 degrees Celsius. Cosmetic Grade: Why not add some shimmer and sparkle to your nails?! Usage Tips: For resin pours, add 1% for a transparent effect or up to 5% for a more opaque effect. Suitable for Epoxy, Polyesters, and polyurethane resins! Top Tip: Create and Bloom mica powder pigments can be blended together to make unique colour choices, ideal for creating marbling and metallic effect castings. Create and Bloom mica powders adhere to the standards set by the American Society of Testing and Materials (ASTM), ensuring the highest quality, safety, and reliability for all your creative projects.",6,6,INR,TRUE,,,,active,,https://cdn.shopify.com/s/files/1/2250/3519/files/SimplyShimmeringMixedMediaMicaPowderPurpleRinse.jpg?v=1765843587,,"{""tags"":[""Create & Bloom Crafts"",""Resin Mica Pigment Powder"",""Shopify Collective""],""vendor"":""Create & Bloom Crafts"",""productType"":""Mica Powder""}",,,https://apexresin.co.uk/products/simply-shimmering-mixed-media-mica-powder-purple-rinse,2026-07-08T05:45:20.102Z,2026-07-08T13:13:52.536Z,ddb46f5c516818fe
apex-resin,supplies,15788194988412,Simply Shimmering Mixed Media Mica Powder: Hobgoblin Green!,simply-shimmering-mixed-media-mica-powder-hobgoblin-green,Mica Powder,,"Step into the mystical realm of Create and Bloom's Hobgoblin Green Mica Powder, where the enchanting colour variations, subtle depth, and captivating essence embody the mysterious allure of hobgoblins lurking in the shadows. Ideal for infusing your epoxy resin creations, mixed media pours, and artistic ventures with the magical charm of a deep, woodland Sap Green hue. Key Features: Vibrant Colour: A stunning blend of Sap Green hues. Versatile Use: Ideal for resin art, mould work, polymer clay, and pouring arts. High-Quality: Finely milled for a smooth, consistent application. Inspirational: Brings a touch of glamour and boldness to your designs. Light Fast: Excellent light fastness, even when exposed to intense UV light. Heat Tolerant: Heat tolerant up to 150 degrees Celsius. Cosmetic Grade: Why not add some shimmer and sparkle to your nails?! Usage Tips: For resin pours, add 1% for a transparent effect or up to 5% for a more opaque effect. Suitable for Epoxy, Polyesters, and polyurethane resins! Top Tip: Create and Bloom mica powder pigments can be blended together to make unique colour choices, ideal for creating marbling and metallic effect castings. Create and Bloom mica powders adhere to the standards set by the American Society of Testing and Materials (ASTM), ensuring the highest quality, safety, and reliability for all your creative projects.",6,6,INR,TRUE,,,,active,,https://cdn.shopify.com/s/files/1/2250/3519/files/HobGoblin.jpg?v=1765843586,,"{""tags"":[""Create & Bloom Crafts"",""Resin Mica Pigment Powder"",""Shopify Collective""],""vendor"":""Create & Bloom Crafts"",""productType"":""Mica Powder""}",,,https://apexresin.co.uk/products/simply-shimmering-mixed-media-mica-powder-hobgoblin-green,2026-07-08T05:45:20.102Z,2026-07-08T13:13:52.536Z,04a8f2be4fdc543c
apex-resin,supplies,15788195053948,Simply Shimmering Mixed Media Mica Powder: Hot Flush Pink!,simply-shimmering-mixed-media-mica-powder-hot-flush-pink,Mica Powder,,"Step into the sassy realm of Create and Bloom's Hot Flush Mica Powder, where the fiery colour variations, rich depth, and lively essence ignite the bold spirit of a pinky red hue. Embrace the boldness of Hot Flush and elevate your projects with a hint of playful glamour and cheeky sophistication. Key Features: Vibrant Colour: A spicy pinky red. Versatile Use: Ideal for resin art, mould work, polymer clay, and pouring arts. High-Quality: Finely milled for a smooth, consistent application. Inspirational: Brings a touch of glamour and boldness to your designs. Light Fast: Excellent light fastness, even when exposed to intense UV light. Heat Tolerant: Heat tolerant up to 150 degrees Celsius. Cosmetic Grade: Why not add some shimmer and sparkle to your nails?! Usage Tips: For resin pours, add 1% for a transparent effect or up to 5% for a more opaque effect. Suitable for Epoxy, Polyesters, and polyurethane resins! Top Tip: Create and Bloom mica powder pigments can be blended together to make unique colour choices, ideal for creating marbling and metallic effect castings. Create and Bloom mica powders adhere to the standards set by the American Society of Testing and Materials (ASTM), ensuring the highest quality, safety, and reliability for all your creative projects.",6,6,INR,TRUE,,,,active,,https://cdn.shopify.com/s/files/1/2250/3519/files/SimplyShimmeringMixedMediaMicaHotFlushPink.jpg?v=1765843587,,"{""tags"":[""Create & Bloom Crafts"",""Resin Mica Pigment Powder"",""Shopify Collective""],""vendor"":""Create & Bloom Crafts"",""productType"":""Mica Powder""}",,,https://apexresin.co.uk/products/simply-shimmering-mixed-media-mica-powder-hot-flush-pink,2026-07-08T05:45:20.102Z,2026-07-08T13:13:52.536Z,e12eb48157f8a9e0
apex-resin,supplies,15788195119484,Simply Shimmering Interference Mica Powder: Secret Gold!,simply-shimmering-interference-mica-powder-secret-gold,Mica Powder,,"Embrace the allure of Secret Gold, a powder that shimmers with a subtle gold undertone and a mesmerising interference effect that shifts and shimmers depending on the angle and light. Key Features: Transformative Effect: Shifting interference effect with a subtle gold undertone. Versatile Use: Ideal for resin art, mould work, polymer clay, and pouring arts. High-Quality: Finely milled for smooth, consistent application and seamless blending. Inspirational: Adds a touch of glamour and sophistication to your designs. Mixable: Blend with other pigments to create custom shades and shift their hues. Light Fast: Excellent light fastness, maintaining brilliance under UV exposure. Heat Tolerant: Resistant to heat up to 150 degrees Celsius. Cosmetic Grade: Perfect for adding shimmer and sparkle to nails and cosmetics. Usage Tips: For resin pours, incorporate 1% for a subtle shimmer or up to 5% for a more pronounced interference effect. Compatible with Epoxy, Polyesters, and polyurethane resins. Top Tip: Secret Gold Interference Powder can be mixed with other Create and Bloom pigments to create unique colour combinations and enhance metallic effects. Discover the magic of interference powders with Secret Gold, crafted to meet the highest standards of quality, safety, and reliability for your artistic projects.",6,26,INR,TRUE,,,,active,,https://cdn.shopify.com/s/files/1/2250/3519/files/WhatsAppImage2024-07-04at11.42.15_1.jpg?v=1765843587 | https://cdn.shopify.com/s/files/1/2250/3519/files/WhatsAppImage2024-07-04at11.37.24_1_1.jpg?v=1765843587 | https://cdn.shopify.com/s/files/1/2250/3519/files/Copy_of_Logo_3.ai_6_2.png?v=1765843589,|  |,"{""tags"":[""Create & Bloom Crafts"",""Resin Mica Pigment Powder"",""Shopify Collective""],""vendor"":""Create & Bloom Crafts"",""productType"":""Mica Powder""}",,,https://apexresin.co.uk/products/simply-shimmering-interference-mica-powder-secret-gold,2026-07-08T05:45:20.102Z,2026-07-08T13:13:52.536Z,61483bc4a47a3463
apex-resin,supplies,15788195185020,Simply Shimmering Mixed Media Mica Powder: Porkie Pie Pink!,simply-shimmering-mixed-media-mica-powder-porkie-pie-pink,Mica Powder,,"Dive into the soothing sheens and shimmers of the Create and Bloom Piggy Pink Mica Powder, where the colour variations, gentle depth, and captivating essence embody the charm of a delicate baby pink. Perfect for infusing your epoxy resin creations, mixed media pours, and more with the gentle charm of a soft pink hue. Key Features: Vibrant Colour: A stunning blend of Baby Pink hues. Versatile Use: Ideal for resin art, mould work, polymer clay, and pouring arts. High-Quality: Finely milled for a smooth, consistent application. Inspirational: Brings a touch of glamour and boldness to your designs. Light Fast: Excellent light fastness, even when exposed to intense UV light. Heat Tolerant: Heat tolerant up to 150 degrees Celsius. Cosmetic Grade: Why not add some shimmer and sparkle to your nails?! Usage Tips: For resin pours, add 1% for a transparent effect or up to 5% for a more opaque effect. Suitable for Epoxy, Polyesters, and polyurethane resins! Top Tip: Create and Bloom mica powder pigments can be blended together to make unique colour choices, ideal for creating marbling and metallic effect castings. Create and Bloom mica powders adhere to the standards set by the American Society of Testing and Materials (ASTM), ensuring the highest quality, safety, and reliability for all your creative projects.",6,6,INR,TRUE,,,,out_of_stock,,https://cdn.shopify.com/s/files/1/2250/3519/files/SimplyShimmeringMixedMediaMicaPowderPorkiePiePink.jpg?v=1765843588,,"{""tags"":[""Create & Bloom Crafts"",""Resin Mica Pigment Powder"",""Shopify Collective""],""vendor"":""Create & Bloom Crafts"",""productType"":""Mica Powder""}",,,https://apexresin.co.uk/products/simply-shimmering-mixed-media-mica-powder-porkie-pie-pink,2026-07-08T05:45:20.102Z,2026-07-08T13:13:52.536Z,f38c84b48e48699e
apex-resin,supplies,15788195217788,Simply Shimmering Mixed Media Mica Powder: Bit Batty Grey!,simply-shimmering-mixed-media-mica-powder-bit-batty-grey,Mica Powder,,"Step into the mysterious realm of Create and Bloom's Bit Batty Mica Powder, where the deep colour variations, subtle depth, and intriguing essence capture the enigmatic allure of a dark grey nearly black sky. Embrace the darkness of Bit Batty and infuse your projects with a hint of mysterious sophistication and spooky intrigue. Key Features: Vibrant Colour: A stunning blend of Steely grey hues. Versatile Use: Ideal for resin art, mould work, polymer clay, and pouring arts. High-Quality: Finely milled for a smooth, consistent application. Inspirational: Brings a touch of glamour and boldness to your designs. Light Fast: Excellent light fastness, even when exposed to intense UV light. Heat Tolerant: Heat tolerant up to 150 degrees Celsius. Cosmetic Grade: Why not add some shimmer and sparkle to your nails?! Usage Tips: For resin pours, add 1% for a transparent effect or up to 5% for a more opaque effect. Suitable for Epoxy, Polyesters, and polyurethane resins! Top Tip: Create and Bloom mica powder pigments can be blended together to make unique colour choices, ideal for creating marbling and metallic effect castings. Create and Bloom mica powders adhere to the standards set by the American Society of Testing and Materials (ASTM), ensuring the highest quality, safety, and reliability for all your creative projects.",6,6,INR,TRUE,,,,active,,https://cdn.shopify.com/s/files/1/2250/3519/files/WhatsAppImage2024-07-03at10.42.10_1.jpg?v=1765843587,,"{""tags"":[""Create & Bloom Crafts"",""Resin Mica Pigment Powder"",""Shopify Collective""],""vendor"":""Create & Bloom Crafts"",""productType"":""Mica Powder""}",,,https://apexresin.co.uk/products/simply-shimmering-mixed-media-mica-powder-bit-batty-grey,2026-07-08T05:45:20.102Z,2026-07-08T13:13:52.536Z,d7373b1648fcace4
apex-resin,supplies,15788195250556,Simply Shimmering Mixed Media Mica Powder: Fake Tan Copper!,simply-shimmering-mixed-media-mica-powder-fake-tan-copper,Mica Powder,,"Step into the radiant world of Create and Bloom's Fake Tan Mica Powder, where the lustrous colour variations, subtle depth, and captivating essence capture the warm glow of a sun-kissed complexion. Embrace the allure of Fake Tan and infuse your projects with a touch of radiant warmth and sophistication. Key Features: Vibrant Colour: A stunning blend of Coppery toned Hues. Versatile Use: Ideal for resin art, mould work, polymer clay, and pouring arts. High-Quality: Finely milled for a smooth, consistent application. Inspirational: Brings a touch of glamour and boldness to your designs. Light Fast: Excellent light fastness, even when exposed to intense UV light. Heat Tolerant: Heat tolerant up to 150 degrees Celsius. Cosmetic Grade: Why not add some shimmer and sparkle to your nails?! Usage Tips: For resin pours, add 1% for a transparent effect or up to 5% for a more opaque effect. Suitable for Epoxy, Polyesters, and polyurethane resins! Top Tip: Create and Bloom mica powder pigments can be blended together to make unique colour choices, ideal for creating marbling and metallic effect castings. Create and Bloom mica powders adhere to the standards set by the American Society of Testing and Materials (ASTM), ensuring the highest quality, safety, and reliability for all your creative projects.",6,6,INR,TRUE,,,,active,,https://cdn.shopify.com/s/files/1/2250/3519/files/SimplyShimmeringMixedMediaMicaPowderFakeTanCopper.jpg?v=1765843587,,"{""tags"":[""Create & Bloom Crafts"",""Resin Mica Pigment Powder"",""Shopify Collective""],""vendor"":""Create & Bloom Crafts"",""productType"":""Mica Powder""}",,,https://apexresin.co.uk/products/simply-shimmering-mixed-media-mica-powder-fake-tan-copper,2026-07-08T05:45:20.102Z,2026-07-08T13:13:52.536Z,db3581053be18903
apex-resin,supplies,15788195283324,Simply Shimmering Mixed Media Mica Powder: Gold Digger!,simply-shimmering-mixed-media-mica-powder-gold-digger,Mica Powder,,"Step into the luxurious world of Create and Bloom's Gold Digger Mica Powder, where the shimmering colour variations, rich depth, and opulent essence capture the dazzling allure of pure gold. Embrace the dazzling allure of Gold Digger and amp up your projects with a touch of glitz and glam. Key Features: Vibrant Colour: An elegant touch of Gold Factor. Versatile Use: Ideal for resin art, mould work, polymer clay, and pouring arts. High-Quality: Finely milled for a smooth, consistent application. Inspirational: Brings a touch of glamour and boldness to your designs. Light Fast: Excellent light fastness, even when exposed to intense UV light. Heat Tolerant: Heat tolerant up to 150 degrees Celsius. Cosmetic Grade: Why not add some shimmer and sparkle to your nails?! Usage Tips: For resin pours, add 1% for a transparent effect or up to 5% for a more opaque effect. Suitable for Epoxy, Polyesters, and polyurethane resins! Top Tip: Create and Bloom mica powder pigments can be blended together to make unique colour choices, ideal for creating marbling and metallic effect castings. Create and Bloom mica powders adhere to the standards set by the American Society of Testing and Materials (ASTM), ensuring the highest quality, safety, and reliability for all your creative projects.",6,6,INR,TRUE,,,,active,,https://cdn.shopify.com/s/files/1/2250/3519/files/SimplyShimmeringMixedMediaMicaPowderGoldDigger.jpg?v=1765843587,,"{""tags"":[""Create & Bloom Crafts"",""Resin Mica Pigment Powder"",""Shopify Collective""],""vendor"":""Create & Bloom Crafts"",""productType"":""Mica Powder""}",,,https://apexresin.co.uk/products/simply-shimmering-mixed-media-mica-powder-gold-digger,2026-07-08T05:45:20.102Z,2026-07-08T13:13:52.536Z,572b4a3d5167e779
apex-resin,supplies,15788195316092,Simply Shimmering Mixed Media Mica Powder: Plain Sailing!,simply-shimmering-mixed-media-mica-powder-plain-sailing,Mica Powder,,"Dive into the soothing sheens and shimmers of the Create and Bloom Sea Blue Mica Powder, where the colour variations, gentle depth, and captivating essence embody the tranquility of a mid-range sea blue. Perfect for adding a radical touch of sophistication to your epoxy resin creations, mixed media pours, mould making, and more. Key Features: Vibrant Colour: A stunning blend of Ocean inspired Blues. Versatile Use: Ideal for resin art, mould work, polymer clay and pouring arts. High-Quality: Finely milled for a smooth, consistent application. Inspirational: Brings a touch of glamour and boldness to your designs. Light Fast: Excellent light fastness, even when exposed to intense UV light Heat tolerant: Heat tolerant upto 150 degrees celcius Cosmetic Grade: Why not add some shimmer and sparkle to your nails?! For resin pours - add 1% for a transparent effect or up to 5% for a more opaque effect. Suitable for Epoxy, Polyesters and polyurethane resins! Top Tip: Create and Bloom mica powder pigments can be blended together to make unique colour choices, and are ideal for creating marbling and metallic effect castings. Create and Bloom mica powders adhere to the standards set by the American Society of Testing and Materials (ASTM), ensuring the highest quality, safety, and reliability for all your creative projects. Perfect for adding a touch of oceanic serenity to your epoxy resin creations, mixed media pours, and more.",6,6,INR,TRUE,,,,out_of_stock,,https://cdn.shopify.com/s/files/1/2250/3519/files/SimplyShimmeringMixedMediaMicaPlainSailing.jpg?v=1765843587,,"{""tags"":[""Create & Bloom Crafts"",""Resin Mica Pigment Powder"",""Shopify Collective""],""vendor"":""Create & Bloom Crafts"",""productType"":""Mica Powder""}",,,https://apexresin.co.uk/products/simply-shimmering-mixed-media-mica-powder-plain-sailing,2026-07-08T05:45:20.102Z,2026-07-08T13:13:52.536Z,87451f73e9c8902c
apex-resin,supplies,15788195381628,Simply Shimmering Mica Powder: Prickly Pink!,simply-shimmering-mica-powder-prickly-pink,Mica Powder,,"Prickly Pink a stunning shimmering pigment that captures the essence of delicate blossoms and radiant sunsets. Whether you're painting floral scenes that evoke the warmth of spring or crafting resin jewellery inspired by rosy dawns, Prickly Pink is your secret ingredient for infusing your work with grace, depth, and a touch of romantic allure. Approx 5g in a refillable pot Cosmetic Grade Elevate your creations with the sophisticated shimmer of Prickly Pink and let your creativity blossom.",5,5,INR,TRUE,,,,active,,https://cdn.shopify.com/s/files/1/2250/3519/files/WhatsAppImage2024-07-19at18.00.25_1.jpg?v=1765843587,,"{""tags"":[""Create & Bloom Crafts"",""Resin Mica Pigment Powder"",""Shopify Collective""],""vendor"":""Create & Bloom Crafts"",""productType"":""Mica Powder""}",,,https://apexresin.co.uk/products/simply-shimmering-mica-powder-prickly-pink,2026-07-08T05:45:20.102Z,2026-07-08T13:13:52.536Z,38630a8f14161496
apex-resin,supplies,15788195414396,Simply Shimmering Mixed Media Mica Powder: Skinny Dip Blue!,simply-shimmering-mixed-media-mica-powder-skinny-dip-blue,Mica Powder,,"Dive into the vibrant world of Create and Bloom's Skinny Dip Blue Mica Powder, where the bold colour variations, subtle depth, and captivating essence embody the refreshing charm of a bright, Cobolt blue reminiscent of a carefree skinny dip in clear waters. Perfect for injecting a burst of energetic creativity into your epoxy resin creations, mixed media pours, and artistic endeavors with the exhilarating allure of a vivid blue hue. Key Features: Vibrant Colour: A stunning blend of the brightest of Blues Versatile Use: Ideal for resin art, mould work, polymer clay, and pouring arts. High-Quality: Finely milled for a smooth, consistent application. Inspirational: Brings a touch of glamour and boldness to your designs. Light Fast: Excellent light fastness, even when exposed to intense UV light. Heat Tolerant: Heat tolerant up to 150 degrees Celsius. Cosmetic Grade: Why not add some shimmer and sparkle to your nails?! Usage Tips: For resin pours, add 1% for a transparent effect or up to 5% for a more opaque effect. Suitable for Epoxy, Polyesters, and polyurethane resins! Top Tip: Create and Bloom mica powder pigments can be blended together to make unique colour choices, ideal for creating marbling and metallic effect castings. Create and Bloom mica powders adhere to the standards set by the American Society of Testing and Materials (ASTM), ensuring the highest quality, safety, and reliability for all your creative projects.",6,6,INR,TRUE,,,,active,,https://cdn.shopify.com/s/files/1/2250/3519/files/SkinnyDip.jpg?v=1765843588,,"{""tags"":[""Create & Bloom Crafts"",""Resin Mica Pigment Powder"",""Shopify Collective""],""vendor"":""Create & Bloom Crafts"",""productType"":""Mica Powder""}",,,https://apexresin.co.uk/products/simply-shimmering-mixed-media-mica-powder-skinny-dip-blue,2026-07-08T05:45:20.102Z,2026-07-08T13:13:52.536Z,f5708f5972f2ee52
apex-resin,supplies,15788195447164,Pigmented Floating Metal Mica Pigment : Set of 4!,pigmented-foating-metal-mica-pigment-set-of-4,Mica Powder,,"These intense metallic pigments move effortlessly across resin surfaces, creating depth and dynamic shifts with every pour. Designed for excellence, Floating metal powders are ideal for a range of craft applications. Dust your mould before a resin or eco pour to achieve a striking metallic effect, or blend it into wax and varnish for a rich, luminous stain. Whether enhancing homeware, fine art, or mixed media projects, this pigment offers unparalleled versatility. An essential for pouring art and craft, Metal Drift brings a touch of luxury to every creation. Its fluid movement and high-impact finish make it a must-have for artists looking to elevate their work with effortless sophistication. Top Tip: Try sprinkling Floating Metal powder onto a fresh resin pour, then gently blowing the powder across the surface for a bold, dramatic effect. This technique creates a stunning, flowing metallic finish, especially when applied over a deep, opaque black background like Stag Beetle Black. Key Features: Vibrant Metallics: Luxurious Metalics Versatile Use: Ideal for resin art, mould work, polymer clay, and pouring arts. High-Quality: Finely milled for a smooth, consistent application. Inspirational: Brings a touch of glamour and boldness to your designs. Light Fast: Excellent light fastness, even when exposed to intense UV light. Heat Tolerant: Heat tolerant up to 90 ° C. Create and Bloom mica powders adhere to the standards set by the American Society of Testing and Materials (ASTM), ensuring the highest quality, safety, and reliability for all your creative projects.",7,19,INR,TRUE,,,,active,,https://cdn.shopify.com/s/files/1/2250/3519/files/WhatsAppImage2025-03-14at17.52.25_1_1.jpg?v=1765843587 | https://cdn.shopify.com/s/files/1/2250/3519/files/WhatsAppImage2025-03-14at17.52.26_1.jpg?v=1765843586 | https://cdn.shopify.com/s/files/1/2250/3519/files/WhatsAppImage2025-03-14at17.52.25_2.jpg?v=1765843587,|  |,"{""tags"":[""Create & Bloom Crafts"",""Resin Mica Pigment Powder"",""Shopify Collective""],""vendor"":""Create & Bloom Crafts"",""productType"":""Mica Powder""}",,,https://apexresin.co.uk/products/pigmented-foating-metal-mica-pigment-set-of-4,2026-07-08T05:45:20.102Z,2026-07-08T13:13:52.536Z,cc37924af792f54a
apex-resin,supplies,15788195479932,Simply Shimmering Mica Powder: Persian Sands,simply-shimmering-mica-powder-persian-sands,Mica Powder,,"Dive into the soothing sheens and shimmers of this exquisite powder, featuring gentle colour graduations, subtle depth, and the beautiful essence of a sandy beach. Perfect for adding a touch of timeless elegance and coastal charm to your epoxy resin creations, mixed media pours, mould making, and more. Key Features: Vibrant Colour: A stunning blend of nude and Ivory. Versatile Use: Ideal for resin art, mould work, polymer clay and pouring arts. High-Quality: Finely milled for a smooth, consistent application. Inspirational: Brings the tranquility and beauty of tropical sands to your designs Light Fast: Excellent light fastness, even when exposed to intense UV light Heat tolerant: Heat tolerant upto 150 degrees celcius For resin pours - add 1% for a transparent effect or up to 5% for a more opaque effect. Suitable for Epoxy, Polyesters and polyurethane resins! Top Tip: Create and Bloom mica powder pigments can be blended together to make unique colour choices, and are ideal for creating marbling and metallic effect castings. Create and Bloom mica powders adhere to the standards set by the American Society of Testing and Materials (ASTM), ensuring the highest quality, safety, and reliability for all your creative projects. Packaging Note: 50g is in alternative packaging with a different label. Perfect for creating earthy textures, intricate patterns, or enhancing the natural beauty of your crafts.",6,24,INR,TRUE,,,,active,,https://cdn.shopify.com/s/files/1/2250/3519/files/Create_BloomMicaPowderPersianSands_2.jpg?v=1765843588 | https://cdn.shopify.com/s/files/1/2250/3519/files/Create_BloomMicaPowderPersianSands.jpg?v=1765843587,|,"{""tags"":[""Create & Bloom Crafts"",""Resin Mica Pigment Powder"",""Shopify Collective""],""vendor"":""Create & Bloom Crafts"",""productType"":""Mica Powder""}",,,https://apexresin.co.uk/products/simply-shimmering-mica-powder-persian-sands,2026-07-08T05:45:20.102Z,2026-07-08T13:13:52.536Z,4a67415b84557b0f
apex-resin,supplies,15788195512700,Simply Shimmering Mixed Media Mica Powder: Tinky Winky Purple!,simply-shimmering-mixed-media-mica-powder-tinky-winky-purple,Mica Powder,,"Dive into the soothing sheens and shimmers with the Create and Bloom Purple Mica Powder, where the colour graduations, subtle depth, and captivating essence channel the bold spirit of Tinky Winky. Perfect for adding a radical touch of Teletubby flair to your epoxy resin creations, mixed media pours, and more. Key Features: Vibrant Colour: A stunning blend of Violet Purple hues. Versatile Use: Ideal for resin art, mould work, polymer clay, and pouring arts. High-Quality: Finely milled for a smooth, consistent application. Inspirational: Brings a touch of glamour and boldness to your designs. Light Fast: Excellent light fastness, even when exposed to intense UV light. Heat Tolerant: Heat tolerant up to 150 degrees Celsius. Cosmetic Grade: Why not add some shimmer and sparkle to your nails?! Usage Tips: For resin pours, add 1% for a transparent effect or up to 5% for a more opaque effect. Suitable for Epoxy, Polyesters, and polyurethane resins. Top Tip: Create and Bloom mica powder pigments can be blended together to make unique colour choices, ideal for creating marbling and metallic effect castings. Create and Bloom mica powders adhere to the standards set by the American Society of Testing and Materials (ASTM), ensuring the highest quality, safety, and reliability for all your creative projects. Enhance your crafting game with Tinky Winky Purple Mica Powder and let your creativity shine with the bold hues of a vibrant sunset!",6,6,INR,TRUE,,,,active,,https://cdn.shopify.com/s/files/1/2250/3519/files/SimplyShimmeringMixedMediaMicaPowderTinkyWinkyPurple.jpg?v=1765843588,,"{""tags"":[""Create & Bloom Crafts"",""Resin Mica Pigment Powder"",""Shopify Collective""],""vendor"":""Create & Bloom Crafts"",""productType"":""Mica Powder""}",,,https://apexresin.co.uk/products/simply-shimmering-mixed-media-mica-powder-tinky-winky-purple,2026-07-08T05:45:20.102Z,2026-07-08T13:13:52.536Z,d48ba51a6a59282a
apex-resin,supplies,15788195545468,Simply Shimmering Mixed Media Mica Powder Mint Cream Green!,simply-shimmering-mixed-media-mica-powder-mint-cream-green,Mica Powder,,"Immerse yourself in the soothing sheens and shimmers of the Create and Bloom Mint Cream Mica Powder, where the colour variations, gentle depth, and captivating essence embody the charm of a delicate mint green. Ideal for infusing your epoxy resin creations, mixed media pours, and more with the serene allure of a light green hue. Key Features: Vibrant Colour: A stunning blend of Green Hues. Versatile Use: Ideal for resin art, mould work, polymer clay, and pouring arts. High-Quality: Finely milled for a smooth, consistent application. Inspirational: Brings a touch of glamour and boldness to your designs. Light Fast: Excellent light fastness, even when exposed to intense UV light. Heat Tolerant: Heat tolerant up to 150 degrees Celsius. Cosmetic Grade: Why not add some shimmer and sparkle to your nails?! Usage Tips: For resin pours, add 1% for a transparent effect or up to 5% for a more opaque effect. Suitable for Epoxy, Polyesters, and polyurethane resins! Top Tip: Create and Bloom mica powder pigments can be blended together to make unique colour choices, ideal for creating marbling and metallic effect castings. Create and Bloom mica powders adhere to the standards set by the American Society of Testing and Materials (ASTM), ensuring the highest quality, safety, and reliability for all your creative projects.",6,6,INR,TRUE,,,,active,,https://cdn.shopify.com/s/files/1/2250/3519/files/SimplyShimmeringMixedMediaMicaPowderMintCreamGreen.jpg?v=1765843587,,"{""tags"":[""Create & Bloom Crafts"",""Resin Mica Pigment Powder"",""Shopify Collective""],""vendor"":""Create & Bloom Crafts"",""productType"":""Mica Powder""}",,,https://apexresin.co.uk/products/simply-shimmering-mixed-media-mica-powder-mint-cream-green,2026-07-08T05:45:20.102Z,2026-07-08T13:13:52.536Z,24ace6e78f8829b6
apex-resin,supplies,15788195578236,Simply Shimmering Mixed Media Mica Powder: Marshmallow White!,simply-shimmering-mixed-media-mica-powder-marshmallow-white,Mica Powder,,"Step into the soft, inviting world of Create and Bloom's Marshmallow White Mica Powder, where the gentle colour variations, subtle depth, and comforting essence embody the cozy charm of a fluffy marshmallow cloud. Perfect for adding a touch of purity to your epoxy resin creations, mixed media pours, and artistic endeavors with the serene allure of a creamy white hue. Key Features: Vibrant Colour: A stunning blend of calming and elegant White. Versatile Use: Ideal for resin art, mould work, polymer clay, and pouring arts. High-Quality: Finely milled for a smooth, consistent application. Inspirational: Brings a touch of glamour and boldness to your designs. Light Fast: Excellent light fastness, even when exposed to intense UV light. Heat Tolerant: Heat tolerant up to 150 degrees Celsius. Cosmetic Grade: Why not add some shimmer and sparkle to your nails?! Usage Tips: For resin pours, add 1% for a transparent effect or up to 5% for a more opaque effect. Suitable for Epoxy, Polyesters, and polyurethane resins! Top Tip: Create and Bloom mica powder pigments can be blended together to make unique colour choices, ideal for creating marbling and metallic effect castings. Create and Bloom mica powders adhere to the standards set by the American Society of Testing and Materials (ASTM), ensuring the highest quality, safety, and reliability for all your creative projects.",6,6,INR,TRUE,,,,out_of_stock,,https://cdn.shopify.com/s/files/1/2250/3519/files/SimplyShimmeringMixedMediaMicaMarshmallowWhite.jpg?v=1765843587,,"{""tags"":[""Create & Bloom Crafts"",""Resin Mica Pigment Powder"",""Shopify Collective""],""vendor"":""Create & Bloom Crafts"",""productType"":""Mica Powder""}",,,https://apexresin.co.uk/products/simply-shimmering-mixed-media-mica-powder-marshmallow-white,2026-07-08T05:45:20.102Z,2026-07-08T13:13:52.536Z,64810099335b377e
apex-resin,supplies,15788195611004,Purple Chroma Charge Epoxy Tint – Glow in the Dark Pigment for Resin Crafts!,purple-chroma-charge-epoxy-tint-glow-in-the-dark-pigment-for-resin-crafts,Glow-in-the-Dark Powder,,"Transform your epoxy resin projects with Chroma Charge Pigments , the premium glow in the dark pigment that delivers intense, long-lasting luminous effects. Perfect for resin art, epoxy tumblers, resin jewellery, keychains, and decorative pieces, this powerful photoluminescent pigment creates stunning glowing masterpieces when darkness falls. Our glow in the dark resin additive is specially formulated for seamless mixing with all epoxy resin types, ensuring smooth, even dispersion for consistent brightness. Simply charge your finished resin crafts under sunlight or UV light to activate the vibrant glow effect. Key Features: Non-Toxic & Safe – Child-safe formula perfect for hobbyists and professional resin artists Intense Luminous Effect – Produces brilliant, long-lasting glow after each light charge. Easy Application – Mixes effortlessly into epoxy without clumping or settling Optimal Ratio – Add 10-15% pigment for maximum glow intensity Versatile Applications – Ideal for epoxy river tables , glow jewellery , resin night lights , decorative art, and more Perfect for: Resin casting, epoxy art projects, DIY crafts, jewellery making, home décor, and custom lighting solutions. Please Note: Colours appear different in daylight compared to their glowing appearance in darkness.",11,11,INR,TRUE,,,,active,,https://cdn.shopify.com/s/files/1/2250/3519/files/WhatsApp_Image_2025-07-15_at_14.16.19_1.jpg?v=1765843587 | https://cdn.shopify.com/s/files/1/2250/3519/files/WhatsApp_Image_2025-07-16_at_12.21.46_01db121e-7e7d-4d6f-91a8-030d29ba5ca5.jpg?v=1765843586,|,"{""tags"":[""Create & Bloom Crafts"",""Shopify Collective""],""vendor"":""Create & Bloom Crafts"",""productType"":""Glow-in-the-Dark Powder""}",,,https://apexresin.co.uk/products/purple-chroma-charge-epoxy-tint-glow-in-the-dark-pigment-for-resin-crafts,2026-07-08T05:45:20.102Z,2026-07-08T13:13:52.536Z,a9de3260505053de
