sourceKey,vertical,externalId,title,slug,category,shortTagline,description,priceMin,priceMax,currency,showPrice,timeline,materials,dimensions,status,featured,images,imageAlts,fields,seoTitle,seoDescription,url,firstSeen,lastSeen,contentHash
art-unleashed,resin,8308250312994,Black Goldflake tray,black-goldflake-tray,,,"Gift something unique with this handcrafted, black with green undertone wooden serving tray. Decorated with beautiful resin,and gold flakes, this quality product is sure to stand out. Not only decorative, it's also food safe and functional for everyday use. Show your special someone you care and get them this one-of-a-kind gift! Serve drinks or snacks in the resin tray and get that WOW factor. Colors used here are Green, Gold shimmer, Black and Gold Flakes. Each product is handmade. Colors may have slight variation due to camera. Adding matching coasters to this tray and make the set that will ooze oomph! Size: 14in * 10in",65,65,INR,TRUE,,,,active,,https://cdn.shopify.com/s/files/1/0687/8871/5810/files/20230523_184652_257d6d75-5577-4573-8e2a-c07115ad2ad7.jpg?v=1685813048 | https://cdn.shopify.com/s/files/1/0687/8871/5810/files/20230523_184643_f1ab1678-9c78-4d31-b38b-28a95e6c92ca.jpg?v=1685813048,|,"{""tags"":[""resin tray"",""serving tray"",""Trays"",""Traysets"",""wood"",""Wooden trays""],""vendor"":""Art Unleashed"",""productType"":""""}",,,https://artunleashed.us/products/black-goldflake-tray,2026-07-08T05:35:27.091Z,2026-07-08T05:35:27.091Z,9b2801ffe4b67c40
art-unleashed,resin,8284249555234,Black Gold Center resin coasters,black-gold-center-resin-coasters,,,"This set of sophisticated Black Gold Center coasters crafted from resin bring luxury to any home. The functional piece of home decor provides a stylish and practical solution for protecting surfaces from hot or cold beverages. Each piece is curated with unique patterns. Add that Glitz and Glam to your life! Dimension : 5.2 in * 5.2 inc **** Each Product comes in a set of 2. Add additional units if you need more. ***** Made of Non toxic material PRODUCT CARE INSTRUCTIONS: Keep away from extreme heat and exposure to the sun. Do not scrub/soak Not dishwasher safe Avoid cleaning products/chemicals Spot clean with gentle soap and water This is a handmade product, and while we put our 100% into every design, there is a slight possibility of imperfections and micro-bubbles.",25,25,INR,TRUE,,,,active,,https://cdn.shopify.com/s/files/1/0687/8871/5810/files/20230523_184652.jpg?v=1685811835 | https://cdn.shopify.com/s/files/1/0687/8871/5810/files/20230523_184643.jpg?v=1685811836,|,"{""tags"":[""black"",""Coasters""],""vendor"":""Art Unleashed"",""productType"":""""}",,,https://artunleashed.us/products/black-gold-center-resin-coasters,2026-07-08T05:35:27.091Z,2026-07-08T05:35:27.091Z,29bba40026ce1692
art-unleashed,resin,8281665700130,Purple Gold Resin Coasters,purple-gold-resin-coasters,,,"Create a luxurious atmosphere with Purple Gold Resin Coasters. These artfully crafted coasters, made with a blend of deep purple and radiant white gold, captivate the senses and elevate any setting. Each coaster is carefully designed and crafted, providing not only beauty but also safe, lightweight convenience. Indulge your guests and transport them to a world of elegance with these magnificent coasters. **** Each Product comes in a set of 2. Add additional units if you need more. ***** *** Mix and match different coasters to Made of Non toxic material Dimensions: 5. 2"" diameter PRODUCT CARE INSTRUCTIONS: Keep away from extreme heat and exposure to the sun. Do not scrub/soak Not dishwasher safe Avoid cleaning products/chemicals Spot clean with gentle soap and water This is a handmade product, and while we put our 100% into every design, there is a slight possibility of imperfections and micro-bubbles.",25,25,INR,TRUE,,,,active,,https://cdn.shopify.com/s/files/1/0687/8871/5810/files/20230518_133428.jpg?v=1684442471 | https://cdn.shopify.com/s/files/1/0687/8871/5810/files/20230518_083043.jpg?v=1684442471 | https://cdn.shopify.com/s/files/1/0687/8871/5810/files/20230518_083002.jpg?v=1684442471,|  |,"{""tags"":[""Coasters""],""vendor"":""Art Unleashed"",""productType"":""""}",,,https://artunleashed.us/products/purple-gold-resin-coasters,2026-07-08T05:35:27.091Z,2026-07-08T05:35:27.091Z,6dc25e8ff7be3315
art-unleashed,resin,8278293217570,Pink orange Floral Resin coasters,pink-orange-floral-resin-coasters,,,"Our Beautiful resin Coasters are the perfect addition for any occasion. Handcrafted from premium, durable resin, each coaster features unique artwork, glamorous detailing and can be customized for bridal or other special occasions. Ideal for home decor, these unique, functional pieces make a great gift. These Floral Alcohol ink coasters in pink , red colors will make great companion for your happy hour. They come in multi-pattern sets. Each piece is curated with unique patterns . Super Light weight and easy to clean. Dimensions: 5. 2"" diameter **** Each Product comes in a set of 2. Add additional units if you need more. ***** Made of Non toxic material. This is a handmade product, and while we put our 100% into every design, there is a slight possibility of imperfections and micro-bubbles. PRODUCT CARE INSTRUCTIONS: Keep away from extreme heat and exposure to the sun. Do not scrub/soak. Not dishwasher safe. Avoid cleaning products/chemicals Spot clean with gentle soap and water.",24,24,INR,TRUE,,,,active,,https://cdn.shopify.com/s/files/1/0687/8871/5810/files/20230516_192449.jpg?v=1684290503 | https://cdn.shopify.com/s/files/1/0687/8871/5810/files/20230516_192300.jpg?v=1684290503 | https://cdn.shopify.com/s/files/1/0687/8871/5810/files/20230516_192240.jpg?v=1684290503 | https://cdn.shopify.com/s/files/1/0687/8871/5810/files/20230516_192435.jpg?v=1684290503,|  |  |,"{""tags"":[""Coasters""],""vendor"":""Art Unleashed"",""productType"":""""}",,,https://artunleashed.us/products/pink-orange-floral-resin-coasters,2026-07-08T05:35:27.091Z,2026-07-08T05:35:27.091Z,dcd2d8f91c65b206
art-unleashed,resin,8266917151010,Round Blue Ocean theme wooden tray,round-blue-ocean-theme-wooden-tray,,,"These deep wooden trays are both reliable and aesthetically pleasing. The resin and painting add a unique touch, making them stand out from the crowd. Serve drinks or snacks and get a wow reaction from your guests. The tray is made with resin, real sand, blue, white, and gold mica powder pigments. Perfect for entertaining, or for a cozy breakfast in bed! Consider purchasing coordinating coasters to complete the look. This item makes a great housewarming or Christmas gift. All components are non-toxic and safe to use. Size 14 inch PRODUCT CARE INSTRUCTIONS: Keep away from extreme heat and exposure to the sun. Do not scrub/soak Not dishwasher safe Avoid cleaning products/chemicals Spot clean with gentle soap and water This is a handmade product, and while we put our 100% into every design, there is a slight possibility of imperfections and micro-bubbles",70,70,INR,TRUE,,,,active,,https://cdn.shopify.com/s/files/1/0687/8871/5810/files/20230421_165616.jpg?v=1684289734 | https://cdn.shopify.com/s/files/1/0687/8871/5810/files/20230516_191613.jpg?v=1684289880 | https://cdn.shopify.com/s/files/1/0687/8871/5810/files/20230516_191602.jpg?v=1684289880,|  |,"{""tags"":[""beach"",""gift sets"",""ocean decor"",""ocean series"",""Trays"",""Traysets"",""Wooden trays""],""vendor"":""Art Unleashed"",""productType"":""""}",,,https://artunleashed.us/products/round-blue-ocean-theme-wooden-tray,2026-07-08T05:35:27.091Z,2026-07-08T05:35:27.091Z,20d3d8c4559486dd
art-unleashed,resin,8265799172386,Copper Gold Decor with Clock,copper-gold-decor-with-clock,,,"This beautifully designed three-piece wall decor utilizes a combination of resin, glass stones, and metallic colors to create a truly unique accent piece. The centerpiece of the decor is a custom-made clock, adding a touch of modern luxury to any home. Measuring 3 feet by 3 feet, this handmade copper and gold accent piece is perfect for adding a unique flair to any wall. This piece is truly functional wall decor that an elevate your space instantly.",300,300,INR,TRUE,,,,out_of_stock,,https://cdn.shopify.com/s/files/1/0687/8871/5810/files/artunleashedWallArt.png?v=1683651686 | https://cdn.shopify.com/s/files/1/0687/8871/5810/files/artunleashedCopperClock.png?v=1683651689 | https://cdn.shopify.com/s/files/1/0687/8871/5810/files/20230430_194009.jpg?v=1683673942 | https://cdn.shopify.com/s/files/1/0687/8871/5810/files/20230430_193946.jpg?v=1683673942 | https://cdn.shopify.com/s/files/1/0687/8871/5810/files/20230430_193912.jpg?v=1683673943,|  |  |  |,"{""tags"":[""Clocks"",""wall decor""],""vendor"":""Art Unleashed"",""productType"":""""}",,,https://artunleashed.us/products/copper-gold-decor-with-clock,2026-07-08T05:35:27.091Z,2026-07-08T05:35:27.091Z,54dd798e8a3bc958
art-unleashed,resin,8115930988834,Green wooden serving tray,green-wooden-serving-tray,,,"Gift something unique with this handcrafted, green wooden serving tray. Decorated with beautiful resin, this quality product is sure to stand out. Not only decorative, it's also food safe and functional for everyday use. Show your special someone you care and get them this one-of-a-kind gift! Serve drinks or snacks in the resin tray and get that WOW factor. Colors used here are Green, Gold, White and Gold Flakes. Each product is handmade. Colors may have slight variation due to camera. Adding matching coasters to this tray and make the set of your choice for 10 % off on coasters Size: 12in * 16in",70,70,INR,TRUE,,,,active,,https://cdn.shopify.com/s/files/1/0687/8871/5810/products/20230227_115318.jpg?v=1677528233 | https://cdn.shopify.com/s/files/1/0687/8871/5810/products/20230227_115304.jpg?v=1677528233 | https://cdn.shopify.com/s/files/1/0687/8871/5810/products/20230227_115256.jpg?v=1677528234,|  |,"{""tags"":[""resin tray"",""serving tray"",""Trays"",""Traysets"",""wood"",""Wooden trays""],""vendor"":""Art Unleashed"",""productType"":""""}",,,https://artunleashed.us/products/green-wooden-serving-tray,2026-07-08T05:35:27.091Z,2026-07-08T05:35:27.091Z,d9cd764e6fa511c1
art-unleashed,resin,8221261889826,Apple Green Blue Shimmy resin Coasters,apple-green-blue-shimmy-resin-coasters,,,"Our Apple Green Blue Shimmy resin Coasters are the perfect addition for any occasion. Handcrafted from premium, durable resin, each coaster features unique artwork, glamorous detailing and can be customized for bridal or other special occasions. Ideal for home decor, these unique, functional pieces make a great gift. These green apple color coasters will make great companion for your happy hour. They come in multi-pattern sets. Each piece is curated with unique patterns . Perfect for gifting. Its a luxury gift for her or wedding or any special occasion. Resin products are light weight yet very functional gifts. These coasters are light but yet slightly heavier than some of the other coasters due to usage of Green glass pieces on the edges. Each piece is approx. 3.3 oz in weight. Dimensions: 5. 2"" diameter **** Each Product comes in a set of 2. Add additional units if you need more. ***** Made of Non toxic material PRODUCT CARE INSTRUCTIONS: Keep away from extreme heat and exposure to the sun. Do not scrub/soak. Not dishwasher safe. Avoid cleaning products/chemicals Spot clean with gentle soap and water This is a handmade product, and while we put our 100% into every design, there is a slight possibility of imperfections and micro-bubbles.",25,25,INR,TRUE,,,,active,,https://cdn.shopify.com/s/files/1/0687/8871/5810/products/20230410_175749.jpg?v=1681267287 | https://cdn.shopify.com/s/files/1/0687/8871/5810/products/20230410_170959.jpg?v=1681267287 | https://cdn.shopify.com/s/files/1/0687/8871/5810/products/20230410_175740.jpg?v=1681267288,|  |,"{""tags"":[""Coasters"",""gifts""],""vendor"":""Art Unleashed"",""productType"":""""}",,,https://artunleashed.us/products/apple-green-blue-shimmy-resin-coasters,2026-07-08T05:35:27.091Z,2026-07-08T05:35:27.091Z,3f5c5afb64c05c5d
art-unleashed,resin,8210876596514,Floral Ink Resin Coaster-Preorder,floral-ink-resin-coaster-preorder,,,"Our Beautiful resin Coasters are the perfect addition for any occasion. Handcrafted from premium, durable resin, each coaster features unique artwork, glamorous detailing and can be customized for bridal or other special occasions. Ideal for home decor, these unique, functional pieces make a great gift. These Floral Alcohol ink coasters in pink , red colors will make great companion for your happy hour. They come in multi-pattern sets. Each piece is curated with unique patterns . Super Light weight and easy to clean. Dimensions: 5. 2"" diameter **** Each Product comes in a set of 2. Add additional units if you need more. ***** Made of Non toxic material. This is a handmade product, and while we put our 100% into every design, there is a slight possibility of imperfections and micro-bubbles. PRODUCT CARE INSTRUCTIONS: Keep away from extreme heat and exposure to the sun. Do not scrub/soak. Not dishwasher safe. Avoid cleaning products/chemicals Spot clean with gentle soap and water.",22,22,INR,TRUE,,,,active,,https://cdn.shopify.com/s/files/1/0687/8871/5810/products/20230405_132545.jpg?v=1680733402 | https://cdn.shopify.com/s/files/1/0687/8871/5810/products/20230405_132609.jpg?v=1680733401 | https://cdn.shopify.com/s/files/1/0687/8871/5810/products/20230405_132537.jpg?v=1680733401,|  |,"{""tags"":[""Coasters""],""vendor"":""Art Unleashed"",""productType"":""""}",,,https://artunleashed.us/products/floral-ink-resin-coaster-preorder,2026-07-08T05:35:27.091Z,2026-07-08T05:35:27.091Z,15f4bbc28bd90a99
art-unleashed,resin,8192339575074,Peachy Pink Gold Resin Tray set,peachy-pink-gold-resin-tray-set,Tray Sets,,"Our Peachy Pink Gold Resin Tray Set is the perfect way to make a statement in your home. Handcrafted with the utmost attention to detail, these luxurious trays offer an elegant glam that is truly unique. Lightweight and food safe, they are perfect for special gifts or everyday use. Each set comes with beautiful packaging and custom options. Make an unforgettable impression with this inviting set. Beautiful Resin Tray comes with Gold Handles. Tray comes with matching set of 2 coasters or you can just buy the tray Circular Tray Size : 10 "" Rectangular Tray Size : 12 inch * 6.5 inch Round Coasters : 5.2 "" Square Coasters : 3.54 inch Made of Non toxic material PRODUCT CARE INSTRUCTIONS: Keep away from extreme heat and exposure to the sun. Do not scrub/soak Not dishwasher safe Avoid cleaning products/chemicals Spot clean with gentle soap and water This is a handmade product, and while we put our 100% into every design, there is a slight possibility of imperfections and micro-bubbles",15,55,INR,TRUE,,,,active,,https://cdn.shopify.com/s/files/1/0687/8871/5810/products/20230325_134613.jpg?v=1679894698 | https://cdn.shopify.com/s/files/1/0687/8871/5810/products/20230325_134600.jpg?v=1679894697 | https://cdn.shopify.com/s/files/1/0687/8871/5810/products/20230325_132905.jpg?v=1679894698 | https://cdn.shopify.com/s/files/1/0687/8871/5810/products/20230325_132821.jpg?v=1679894698,|  |  |,"{""tags"":[""sets"",""Trays"",""Traysets""],""vendor"":""Art Unleashed"",""productType"":""Tray Sets""}",,,https://artunleashed.us/products/peachy-pink-gold-resin-tray-set,2026-07-08T05:35:27.091Z,2026-07-08T05:35:27.091Z,237437d72a3b0b18
art-unleashed,resin,8157891985698,Purple Copper wall Clock,purple-copper-wall-clock,,,"Resin Clocks has its own unique charm. This is made on solid wooden boards. Each clock is unique since its is handmade and resin has its own mind too. This clock is 12inch panel with colors of white , purple, copper tones. The rim is jewelled with gold painted glass chips. They are beautiful pieces adding that charm to your home and your eyes ! The clock comes with back hook to hang. 1 AA battery included Dimensions: 12 inch diameter thickness 1 in deep . With zero sound smooth clock mechanism.",60,60,INR,TRUE,,,,active,,https://cdn.shopify.com/s/files/1/0687/8871/5810/products/20230302_180056.jpg?v=1678414619 | https://cdn.shopify.com/s/files/1/0687/8871/5810/products/20230317_183858.jpg?v=1679175912,|,"{""tags"":[""Clocks"",""decor"",""wall decor""],""vendor"":""Art Unleashed"",""productType"":""""}",,,https://artunleashed.us/products/purple-copper-wall-clock,2026-07-08T05:35:27.091Z,2026-07-08T05:35:27.091Z,98066aa0da2dd8a9
art-unleashed,resin,8149360640290,Ganesh Painting Wall Decor,ganesh-painting-wall-decor,,,"Lord Ganesh , the elephant head God , the destroyer for all evils. The God that represents Intellectual growth and worshipped at the beginning of all rituals and ceremonies. This Painting is made on Acrylic Pour painting with Blue, pink, gold undertones . Top coated with epoxy resin. Handpainted Ganesha in White and Silver paint. Add this beautiful painting to your home decor and bring good luck and prosperity to your home. Great for gifting your for house warming or gift yourself. Dimension : 12 in *16 in",36,36,INR,TRUE,,,,active,,https://cdn.shopify.com/s/files/1/0687/8871/5810/products/20230304_162023.jpg?v=1677984332 | https://cdn.shopify.com/s/files/1/0687/8871/5810/products/20230304_162030.jpg?v=1677984332,|,"{""tags"":[""painting"",""wall decor""],""vendor"":""Art Unleashed"",""productType"":""""}",,,https://artunleashed.us/products/ganesh-painting-wall-decor,2026-07-08T05:35:27.091Z,2026-07-08T05:35:27.091Z,db709fe2e0b3b336
art-unleashed,resin,8129464467746,Blue ocean theme wooden tray,blue-ocean-theme-wooden-tray,,,"These deep wooden trays are both reliable and aesthetically pleasing. The resin and painting add a unique touch, making them stand out from the crowd. Serve drinks or snacks and get a wow reaction from your guests. The tray is made with resin, real sand, blue, white, and gold mica powder pigments. Perfect for entertaining, or for a cozy breakfast in bed! Consider purchasing coordinating coasters to complete the look. This item makes a great housewarming or Christmas gift. All components are non-toxic and safe to use. PRODUCT CARE INSTRUCTIONS: Keep away from extreme heat and exposure to the sun. Do not scrub/soak Not dishwasher safe Avoid cleaning products/chemicals Spot clean with gentle soap and water This is a handmade product, and while we put our 100% into every design, there is a slight possibility of imperfections and micro-bubbles",70,70,INR,TRUE,,,,active,,https://cdn.shopify.com/s/files/1/0687/8871/5810/products/20230224_111143.jpg?v=1677266115 | https://cdn.shopify.com/s/files/1/0687/8871/5810/products/20230224_111049.jpg?v=1677266115 | https://cdn.shopify.com/s/files/1/0687/8871/5810/products/20230217_093530.jpg?v=1677266115 | https://cdn.shopify.com/s/files/1/0687/8871/5810/products/20230217_093139.jpg?v=1677266115,|  |  |,"{""tags"":[""beach"",""gift sets"",""ocean decor"",""ocean series"",""Trays"",""Traysets"",""Wooden trays""],""vendor"":""Art Unleashed"",""productType"":""""}",,,https://artunleashed.us/products/blue-ocean-theme-wooden-tray,2026-07-08T05:35:27.091Z,2026-07-08T05:35:27.091Z,968ed020e3208348
art-unleashed,resin,8101583847714,Travel series  Small resin Coasters,travel-series-small-resin-coasters,,,"Clear Resin Coasters with Alcohol Ink Patterns .These are 3.5 inch resin coasters which make a statement accessory on your table. Impress your guest. They are hand painted with Travel Inspiration design. Resin coasters are durable ,light weight and functional. Use it to protect your tables from white marks . Great to use it with hot or cold drinks. Beautiful designs make a great gifting option. Holders available.* Email us for custom colors in this design.* Dimension : Coaster 3.54 in * 3.54 in Holder : 3.95 in diameter and 2.9 in height Made of Non toxic material PRODUCT CARE INSTRUCTIONS: Keep away from extreme heat and exposure to the sun. Do not scrub/soak Not dishwasher safe Avoid cleaning products/chemicals Spot clean with gentle soap and water This is a handmade product, and while we put our 100% into every design, there is a slight possibility of imperfections and micro-bubbles.",30,45,INR,TRUE,,,,active,,https://cdn.shopify.com/s/files/1/0687/8871/5810/products/IMG_20230131_202744_507.jpg?v=1675310076 | https://cdn.shopify.com/s/files/1/0687/8871/5810/products/20230131_200631.jpg?v=1675310075 | https://cdn.shopify.com/s/files/1/0687/8871/5810/products/20230131_200333.jpg?v=1675310075 | https://cdn.shopify.com/s/files/1/0687/8871/5810/products/20230413_115739.jpg?v=1681704742,|  |  |,"{""tags"":[""Coasters""],""vendor"":""Art Unleashed"",""productType"":""""}",,,https://artunleashed.us/products/travel-series-small-resin-coasters,2026-07-08T05:35:27.091Z,2026-07-08T05:35:27.091Z,bc573ac15b5bf7fd
art-unleashed,resin,8098948481314,Beach Resin Coasters,ocean-sand-coasters,,,"Beach Resin Coasters make a unique and customized housewarming or bridal shower gift. These beautiful, handcrafted pieces of resin art feature a colorful coastal beach design, adding a beautiful and unique touch to any room. Coasters are great way to save your beautiful Table from those strain marks. These resin coasters are glossy and upgrades your home decor game instantly. Made from pacific blue mica pigments and real sand captured in resin, with white pigmented waves. Each coaster is uniquely created Small Square Size: 3.5 inch Made of Non toxic resin. Big Circular = 5.2 inch Materials: Resin, Pigments , Mica powder and Sand PRODUCT CARE INSTRUCTIONS: Keep away from extreme heat and exposure to the sun. Do not scrub/soak Not dishwasher safe Avoid cleaning products/chemicals Spot clean with gentle soap and water This is a handmade product, and while we put our 100% into every design, there is a slight possibility of imperfections and micro-bubbles.",25,45,INR,TRUE,,,,active,,https://cdn.shopify.com/s/files/1/0687/8871/5810/products/20230130_165141.jpg?v=1675126477 | https://cdn.shopify.com/s/files/1/0687/8871/5810/products/20230130_165120.jpg?v=1675126476 | https://cdn.shopify.com/s/files/1/0687/8871/5810/products/20230130_165159.jpg?v=1675126476 | https://cdn.shopify.com/s/files/1/0687/8871/5810/products/20230130_165112.jpg?v=1675126477 | https://cdn.shopify.com/s/files/1/0687/8871/5810/products/20230408_133127.jpg?v=1680986236 | https://cdn.shopify.com/s/files/1/0687/8871/5810/products/20230408_133046.jpg?v=1680986237 | https://cdn.shopify.com/s/files/1/0687/8871/5810/products/20230421_114636.jpg?v=1682103619 | https://cdn.shopify.com/s/files/1/0687/8871/5810/products/20230421_114556.jpg?v=1682103619 | https://cdn.shopify.com/s/files/1/0687/8871/5810/products/20230421_114537.jpg?v=1682103619 | https://cdn.shopify.com/s/files/1/0687/8871/5810/products/20230421_114541.jpg?v=1682103803 | https://cdn.shopify.com/s/files/1/0687/8871/5810/products/20230421_114556_9adb51fc-5d95-454a-983f-4a13d2a20b75.jpg?v=1682103802 | https://cdn.shopify.com/s/files/1/0687/8871/5810/products/20230421_114619.jpg?v=1682103803 | https://cdn.shopify.com/s/files/1/0687/8871/5810/products/20230421_114556_38a1411d-8222-4402-8e6f-6507145a0a74.jpg?v=1682104322 | https://cdn.shopify.com/s/files/1/0687/8871/5810/products/20230421_114541_32cd4450-c4de-4e0c-847d-23db2fc1ea47.jpg?v=1682104323,|  |  |  |  |  |  |  |  |  |  |  |  |,"{""tags"":[""beach"",""Coasters"",""ocean series""],""vendor"":""Art Unleashed"",""productType"":""""}",,,https://artunleashed.us/products/ocean-sand-coasters,2026-07-08T05:35:27.091Z,2026-07-08T05:35:27.091Z,9f60280ba1a16133
art-unleashed,resin,8090804715810,Resin Black Gold Wall Clock,black-gold,,,Unique Resin Clocks has its own charm. Each clock is unique since resin has its own mind too. This is made on thick self hanging wooden 12inch panel with ocean waves colors of Black and Gold . They are beautiful pieces adding that charm to your home and your eyes ! This is 12 in clock with back hook to hang. 1 AA battery included Dimensions: 12 inch diameter thickness 3/4 in deep . With no sound smooth clock mechanism.,40,55,INR,TRUE,,,,active,,https://cdn.shopify.com/s/files/1/0687/8871/5810/products/20230124_163055.jpg?v=1674607352 | https://cdn.shopify.com/s/files/1/0687/8871/5810/products/20230124_163107.jpg?v=1674607352 | https://cdn.shopify.com/s/files/1/0687/8871/5810/products/20230124_162730.jpg?v=1674607352,|  |,"{""tags"":[""Clocks""],""vendor"":""Art Unleashed"",""productType"":""""}",,,https://artunleashed.us/products/black-gold,2026-07-08T05:35:27.091Z,2026-07-08T05:35:27.091Z,e1dd5a0fb3fcbbd0
art-unleashed,resin,8089494880546,Ocean Series Clock,ocean-series-clock,,,"Unique Resin Clocks has its own charm. They are made on self hanging wooden boards. Each clock is unique since resin has its own mind too. This clock is 12inch panel with ocean waves colors of blue , white and pacific blue . They are beautiful pieces adding that charm to your home and your eyes ! The clock comes with back hook to hang. Look up for our other Beach theme products to match the decor and complete the set 1 AA battery included Dimensions: 12 inch diameter thickness 3/4 in deep . With no sound smooth clock mechanism.",55,55,INR,TRUE,,,,active,,https://cdn.shopify.com/s/files/1/0687/8871/5810/products/20230123_103731.jpg?v=1674500505 | https://cdn.shopify.com/s/files/1/0687/8871/5810/products/20230123_103859.jpg?v=1674500505,|,"{""tags"":[""beach"",""Clocks"",""decor"",""ocean series""],""vendor"":""Art Unleashed"",""productType"":""""}",,,https://artunleashed.us/products/ocean-series-clock,2026-07-08T05:35:27.091Z,2026-07-08T05:35:27.091Z,b0fa801f561e895f
art-unleashed,resin,8088248975650,House of Pink,house-of-pink,,,"Great to add that beautiful colors to your wall. They are paintings using acrylics pour with some gold flakes and top coated with epoxy resin with saves color and give that ultra glam look to the paintings. Self Hanging frames on canvas Colors in palette : Blue ,Teal, Fuchsia, gold and Orange This is single piece. You can combine it with other wall decors from the shop Size : 16 in * 12 in",37,37,INR,TRUE,,,,active,,https://cdn.shopify.com/s/files/1/0687/8871/5810/products/20230120_122058.jpg?v=1674248395 | https://cdn.shopify.com/s/files/1/0687/8871/5810/products/20230120_122101.jpg?v=1674248394 | https://cdn.shopify.com/s/files/1/0687/8871/5810/products/20230120_122140.jpg?v=1674248395 | https://cdn.shopify.com/s/files/1/0687/8871/5810/products/20230120_111706_fe8281ea-5c8f-4666-baf1-79602f652846.jpg?v=1674248394,|  |  |,"{""tags"":[""Acrylics"",""wall decor""],""vendor"":""Art Unleashed"",""productType"":""""}",,,https://artunleashed.us/products/house-of-pink,2026-07-08T05:35:27.091Z,2026-07-08T05:35:27.091Z,89a577295a433afa
art-unleashed,resin,8078933393698,Wall decor inspirational,wall-decor-inspirational,Tray Sets,,"Beautiful colors in mica powder and pigments with resin artistically pour to create unique patterns on the Resin trays. Inspirational quotes engraved on the resin Dial. This decor will surely inspire your day! Round or Rectangular Tray with golden painted rims. Each piece is curated with unique patterns Tray Size : 10 "" Made of Non toxic material PRODUCT CARE INSTRUCTIONS: Keep away from extreme heat and exposure to the sun. Do not scrub/soak Not dishwasher safe Avoid cleaning products/chemicals Spot clean with gentle soap and water This is a handmade product, and while we put our 100% into every design, there is a slight possibility of imperfections and micro-bubbles",40,40,INR,TRUE,,,,active,,https://cdn.shopify.com/s/files/1/0687/8871/5810/products/20230114_124403.jpg?v=1673746156 | https://cdn.shopify.com/s/files/1/0687/8871/5810/products/20230114_123917.jpg?v=1673746157 | https://cdn.shopify.com/s/files/1/0687/8871/5810/products/20230114_123825.jpg?v=1673746157 | https://cdn.shopify.com/s/files/1/0687/8871/5810/products/20230120_130105.jpg?v=1674248510,|  |  |,"{""tags"":[""ocean decor"",""wall decor""],""vendor"":""Art Unleashed"",""productType"":""Tray Sets""}",,,https://artunleashed.us/products/wall-decor-inspirational,2026-07-08T05:35:27.091Z,2026-07-08T05:35:27.091Z,155a30d0c1372a05
art-unleashed,resin,8088235704610,Purple Blooming,purple-blooming,Paintings,,"Great to add that beautiful colors to your wall. They are paintings using acrylics pour with some gold flakes and top coated with epoxy resin with saves color and give that ultra glam look to the paintings. Self Hanging frames on canvas Colors in palette : Purple , Fuchsia, gold and pink,Black They come in set of 2. Great for gifting or decorating your home. Size : 16 in * 12 in",69,69,INR,TRUE,,,,active,,https://cdn.shopify.com/s/files/1/0687/8871/5810/products/20230120_112228.jpg?v=1674243177 | https://cdn.shopify.com/s/files/1/0687/8871/5810/products/20230120_111949.jpg?v=1674243178 | https://cdn.shopify.com/s/files/1/0687/8871/5810/products/20230120_111706.jpg?v=1674243177 | https://cdn.shopify.com/s/files/1/0687/8871/5810/products/20230120_111618.jpg?v=1674243177,|  |  |,"{""tags"":[""Acrylics"",""wall decor""],""vendor"":""Art Unleashed"",""productType"":""Paintings""}",,,https://artunleashed.us/products/purple-blooming,2026-07-08T05:35:27.091Z,2026-07-08T05:35:27.091Z,99f7ef87d8375341
art-unleashed,resin,8066974613794,Reversible Egyptian Coasters,reversible-egyptian-coasters,,,"These are beautiful reversible Egyptian pyramid inspired resin coasters. One side has color pigmented with copper tones a subtle beauty. The other side is designed with Washi tape and copper color pigments This is uniquely created design Size: 3.5 inch squares Made of Non toxic resin. Materials: Resin, Pigments , Mica powder and Washi tape PRODUCT CARE INSTRUCTIONS: Keep away from extreme heat and exposure to the sun. Do not scrub/soak Not dishwasher safe Avoid cleaning products/chemicals Spot clean with gentle soap and water This is a handmade product, and while we put our 100% into every design, there is a slight possibility of imperfections and micro-bubbles.",30,30,INR,TRUE,,,,active,,https://cdn.shopify.com/s/files/1/0687/8871/5810/products/20230111_123555.jpg?v=1673473523 | https://cdn.shopify.com/s/files/1/0687/8871/5810/products/20230111_123341.jpg?v=1673473523 | https://cdn.shopify.com/s/files/1/0687/8871/5810/products/20230111_123445.jpg?v=1673473523 | https://cdn.shopify.com/s/files/1/0687/8871/5810/products/20230111_123541.jpg?v=1673473552,|  |  |,"{""tags"":[""Coasters""],""vendor"":""Art Unleashed"",""productType"":""""}",,,https://artunleashed.us/products/reversible-egyptian-coasters,2026-07-08T05:35:27.091Z,2026-07-08T05:35:27.091Z,5b7f6732e55c8bc4
art-unleashed,resin,8066984313122,Wine Red Resin Decorative Tray Set,wine-red-tray-set,Tray Sets,,"These are Beautiful Wine Red Resin Tray with Gold Handles. They have nice touch of gold flakes and simmering silver. You can also invert the tray to convert it into beautiful holder board. Tray comes with matching set of 2 coasters Rectangular Tray with golden painted rims. Each piece is curated with unique patterns Tray Size : 12 inch * 6.5 inch Square Coasters : 3.54 inch Made of Non toxic material PRODUCT CARE INSTRUCTIONS: Keep away from extreme heat and exposure to the sun. Do not scrub/soak Not dishwasher safe Avoid cleaning products/chemicals Spot clean with gentle soap and water This is a handmade product, and while we put our 100% into every design, there is a slight possibility of imperfections and micro-bubbles",55,70,INR,TRUE,,,,active,,https://cdn.shopify.com/s/files/1/0687/8871/5810/products/20230106_120433.jpg?v=1673035635 | https://cdn.shopify.com/s/files/1/0687/8871/5810/products/20230106_114949.jpg?v=1673035636 | https://cdn.shopify.com/s/files/1/0687/8871/5810/products/20230106_114821.jpg?v=1673035636 | https://cdn.shopify.com/s/files/1/0687/8871/5810/products/20230106_120412.jpg?v=1673035853,|  |  |,"{""tags"":[""sets"",""Trays"",""Traysets""],""vendor"":""Art Unleashed"",""productType"":""Tray Sets""}",,,https://artunleashed.us/products/wine-red-tray-set,2026-07-08T05:35:27.091Z,2026-07-08T05:35:27.091Z,adf76409aee3ddc5
art-unleashed,resin,8063399199010,4 Snowy Black Coasters,snowy-black-coasters,,,"This beautiful set of 4 coasters combines black and white snowy patterns for elegant decor. Crafted from food-safe material, these coasters make a great accompaniment to your evening drinks. Each piece is carefully selected with unique patterns to create a luxury gift for special occasions, such as weddings or her birthday. Dimensions: 5. 2"" diameter Made of Non toxic material PRODUCT CARE INSTRUCTIONS: Keep away from extreme heat and exposure to the sun. Do not scrub/soak. Not dishwasher safe. Avoid cleaning products/chemicals Spot clean with gentle soap and water This is a handmade product, and while we put our 100% into every design, there is a slight possibility of imperfections and micro-bubbles.",40,40,INR,TRUE,,,,active,,https://cdn.shopify.com/s/files/1/0687/8871/5810/products/20230102_141533.jpg?v=1672700878 | https://cdn.shopify.com/s/files/1/0687/8871/5810/products/20230102_141554.jpg?v=1672700879 | https://cdn.shopify.com/s/files/1/0687/8871/5810/products/20230102_141545.jpg?v=1672700879,|  |,"{""tags"":[""Coasters""],""vendor"":""Art Unleashed"",""productType"":""""}",,,https://artunleashed.us/products/snowy-black-coasters,2026-07-08T05:35:27.091Z,2026-07-08T05:35:27.091Z,5e0258ed13664534
art-unleashed,resin,8056548196642,Purple Wave,purple-wave,,,"This luxurious Purple Wave charcuterie board offers an eye-catching, one-of-a-kind tabletop presentation. Its deep purple and brown shades transition into intricate silver waves for an elegant, striking style. Handmade from premium-quality wood, it is food-safe and sure to make an impressive statement on any table. PRODUCT CARE INSTRUCTIONS: Keep away from extreme heat and exposure to the sun. Do not scrub/soak Not dishwasher safe Avoid cleaning products/chemicals Spot clean with gentle soap and water This is a handmade product, and while we put our 100% into every design, there is a slight possibility of imperfections and micro-bubbles.",55,55,INR,TRUE,,,,active,,https://cdn.shopify.com/s/files/1/0687/8871/5810/products/20221222_154037.jpg?v=1672178409 | https://cdn.shopify.com/s/files/1/0687/8871/5810/products/20221222_154348.jpg?v=1672178410,|,"{""tags"":[""Boards"",""wood"",""Wooden trays""],""vendor"":""Art Unleashed"",""productType"":""""}",,,https://artunleashed.us/products/purple-wave,2026-07-08T05:35:27.091Z,2026-07-08T05:35:27.091Z,b07b7b46425bfcce
art-unleashed,resin,8057878937890,White copper Clock,white-copper-clock,,,Unique Resin Clocks has its own charm. Each clock is unique since resin has its own mind too. White Gold and copper colors with gold painted glass chips. This is 10in clock with back hook to hang. 1 AA battery included,70,70,INR,TRUE,,,,active,,https://cdn.shopify.com/s/files/1/0687/8871/5810/products/20221227_103055.jpg?v=1672172055 | https://cdn.shopify.com/s/files/1/0687/8871/5810/products/20230106_095713.jpg?v=1673033243 | https://cdn.shopify.com/s/files/1/0687/8871/5810/products/20230106_095327.jpg?v=1673033243,|  |,"{""tags"":[""Clocks""],""vendor"":""Art Unleashed"",""productType"":""""}",,,https://artunleashed.us/products/white-copper-clock,2026-07-08T05:35:27.091Z,2026-07-08T05:35:27.091Z,cdde35fb12c6cba7
art-unleashed,resin,8056530960674,Ferraro Rocher Board,ferraro-rocher-board,,,"Delight your guests with the Ferraro Rocher Board. Its black and copper colors and gold painted crushed glass bring unique beauty to your table setting. Each board is one-of-a-kind, ensuring your culinary creations stand out. Serve delicious appetizers on your charcuterie board for an unforgettable experience. PRODUCT CARE INSTRUCTIONS: Keep away from extreme heat and exposure to the sun. Do not scrub/soak Not dishwasher safe Avoid cleaning products/chemicals Spot clean with gentle soap and water This is a handmade product, and while we put our 100% into every design, there is a slight possibility of imperfections and micro-bubbles.",55,55,INR,TRUE,,,,active,,https://cdn.shopify.com/s/files/1/0687/8871/5810/products/20221225_140502.jpg?v=1672007533 | https://cdn.shopify.com/s/files/1/0687/8871/5810/products/20221225_140831.jpg?v=1672007915 | https://cdn.shopify.com/s/files/1/0687/8871/5810/products/20221225_140926.jpg?v=1672007916,|  |,"{""tags"":[""Boards"",""wood"",""Wooden trays""],""vendor"":""Art Unleashed"",""productType"":""""}",,,https://artunleashed.us/products/ferraro-rocher-board,2026-07-08T05:35:27.091Z,2026-07-08T05:35:27.091Z,f5d1da8c904426f3
art-unleashed,resin,8047159738658,Irregular Bowl Trays,irregular-bowl-trays,Tray Sets,,"Beautiful fuschia and pink color with hand painted gold design on the Trinket trays Round Tray with golden painted rims. Each piece is curated with unique patterns Tray Size : 10 "" Made of Non toxic material PRODUCT CARE INSTRUCTIONS: Keep away from extreme heat and exposure to the sun. Do not scrub/soak Not dishwasher safe Avoid cleaning products/chemicals Spot clean with gentle soap and water This is a handmade product, and while we put our 100% into every design, there is a slight possibility of imperfections and micro-bubbles",43,43,INR,TRUE,,,,active,,https://cdn.shopify.com/s/files/1/0687/8871/5810/products/20221219_145828.jpg?v=1671493257 | https://cdn.shopify.com/s/files/1/0687/8871/5810/products/20221219_104627.jpg?v=1671493257,|,"{""tags"":[""Traysets""],""vendor"":""Art Unleashed"",""productType"":""Tray Sets""}",,,https://artunleashed.us/products/irregular-bowl-trays,2026-07-08T05:35:27.091Z,2026-07-08T05:35:27.091Z,ec8877040fd8cdd8
art-unleashed,resin,8038714933538,"Custom Tray , Custom Tray Sets and Custom Coasters",customised-tray-set,Tray Sets,,"Beautiful Resin Tray with Gold Handles. Tray comes with matching set of 2 coasters or you can just buy the tray or mix and match the coaster style! Possibilities are endless Round Tray with golden painted rims. Images are for representation purpose only! These pieces are custom created. Each piece is curated with unique patterns Tray Size : 10 "" Coasters : 5 "" Made of Non toxic material PRODUCT CARE INSTRUCTIONS: Keep away from extreme heat and exposure to the sun. Do not scrub/soak Not dishwasher safe Avoid cleaning products/chemicals Spot clean with gentle soap and water This is a handmade product, and while we put our 100% into every design, there is a slight possibility of imperfections and micro-bubbles",25,75,INR,TRUE,,,,active,,https://cdn.shopify.com/s/files/1/0687/8871/5810/products/20221129_223632.jpg?v=1670871111 | https://cdn.shopify.com/s/files/1/0687/8871/5810/products/20221212_085432_2022-12-12T18_49_32.447.png?v=1670871111 | https://cdn.shopify.com/s/files/1/0687/8871/5810/products/20221129_223444.jpg?v=1670871529 | https://cdn.shopify.com/s/files/1/0687/8871/5810/products/20221209_110321_6b7e778c-171d-4077-bcf3-c6f15893f694.jpg?v=1670979567 | https://cdn.shopify.com/s/files/1/0687/8871/5810/products/20221129_224739_e5a59cff-0dd4-4f5a-bd4c-43aa72b05a36.jpg?v=1676443982 | https://cdn.shopify.com/s/files/1/0687/8871/5810/products/20230225_102106.jpg?v=1677349547 | https://cdn.shopify.com/s/files/1/0687/8871/5810/products/20230225_101946.jpg?v=1677349547 | https://cdn.shopify.com/s/files/1/0687/8871/5810/products/20230225_101805.jpg?v=1677349547 | https://cdn.shopify.com/s/files/1/0687/8871/5810/products/20230225_105015.jpg?v=1677351067,|  |  |  |  |  |  |  |,"{""tags"":[""Coasters"",""Custom trays"",""gift sets"",""Traysets""],""vendor"":""Art Unleashed"",""productType"":""Tray Sets""}",,,https://artunleashed.us/products/customised-tray-set,2026-07-08T05:35:27.091Z,2026-07-08T05:35:27.091Z,136c6e3fff9b43b9
art-unleashed,resin,8036789944610,Coral green Coasters,coral-green-coasters,,,"Our resin Coasters are the perfect addition for any occasion. Handcrafted from premium, durable resin, each coaster features unique artwork, glamorous detailing and can be customized for bridal or other special occasions. Ideal for home decor, these unique, functional pieces make a great gift. Works great with hot and cold beverages These coral green color coasters will make great companion for your happy hour. They come in multi-pattern sets. Each piece is curated with unique patterns . Perfect for gifting. Its a luxury gift for her or wedding or special occasion Dimensions: 5. 2"" diameter **** Each Product comes in a set of 2. Add additional units if you need more. ***** Made of Non toxic material PRODUCT CARE INSTRUCTIONS: Keep away from extreme heat and exposure to the sun. Do not scrub/soak. Not dishwasher safe. Avoid cleaning products/chemicals Spot clean with gentle soap and water This is a handmade product, and while we put our 100% into every design, there is a slight possibility of imperfections and micro-bubbles.",25,25,INR,TRUE,,,,active,,https://cdn.shopify.com/s/files/1/0687/8871/5810/products/20221209_110544.jpg?v=1670655848 | https://cdn.shopify.com/s/files/1/0687/8871/5810/products/20221209_110540.jpg?v=1670655848,|,"{""tags"":[""Coasters""],""vendor"":""Art Unleashed"",""productType"":""""}",,,https://artunleashed.us/products/coral-green-coasters,2026-07-08T05:35:27.091Z,2026-07-08T05:35:27.091Z,7552cdecf42cc565
art-unleashed,resin,8036377166114,Coral Green Resin Tray Set,coral-green-tray-set,Tray Sets,,"Beautiful Resin Tray with Gold Handles. Tray comes with matching set of 2 coasters or you can just buy the tray Round Tray with golden painted rims. Each piece is curated with unique patterns. Great for gifting any occasion housewarming or bridal shower , jewelry display. Or gift yourself. Its ok to indulge sometimes. Tray Size : 10 "" Coasters : 5 "" Made of Non toxic material PRODUCT CARE INSTRUCTIONS: Keep away from extreme heat and exposure to the sun. Do not scrub/soak Not dishwasher safe Avoid cleaning products/chemicals Spot clean with gentle soap and water This is a handmade product, and while we put our 100% into every design, there is a slight possibility of imperfections and micro-bubbles",55,75,INR,TRUE,,,,active,,https://cdn.shopify.com/s/files/1/0687/8871/5810/products/20221209_110321.jpg?v=1670614023 | https://cdn.shopify.com/s/files/1/0687/8871/5810/products/20221209_110328.jpg?v=1670614023,|,"{""tags"":[""Traysets""],""vendor"":""Art Unleashed"",""productType"":""Tray Sets""}",,,https://artunleashed.us/products/coral-green-tray-set,2026-07-08T05:35:27.091Z,2026-07-08T05:35:27.091Z,49eec360f947f4cd
art-unleashed,resin,8027548385570,Round Small Floral Coasters,round-small-floral-coasters,,,"Made of real dried flowers with gold flakes Each piece is curated with unique patterns. Holders available.* Email us for custom colors in this design.* Dimension : Coaster 3.54 in * 3.54 in Holder : 3.95 in diameter and 2.9 in height Made of Non toxic material PRODUCT CARE INSTRUCTIONS: Keep away from extreme heat and exposure to the sun. Do not scrub/soak Not dishwasher safe Avoid cleaning products/chemicals Spot clean with gentle soap and water This is a handmade product, and while we put our 100% into every design, there is a slight possibility of imperfections and micro-bubbles.",15,55,INR,TRUE,,,,active,,https://cdn.shopify.com/s/files/1/0687/8871/5810/products/20221129_224515.jpg?v=1670111427 | https://cdn.shopify.com/s/files/1/0687/8871/5810/products/20221129_224400.jpg?v=1670111426 | https://cdn.shopify.com/s/files/1/0687/8871/5810/products/20221220_111306.jpg?v=1671563808 | https://cdn.shopify.com/s/files/1/0687/8871/5810/products/20221220_111412.jpg?v=1671563809,|  |  |,"{""tags"":[""Coasters""],""vendor"":""Art Unleashed"",""productType"":""""}",,,https://artunleashed.us/products/round-small-floral-coasters,2026-07-08T05:35:27.091Z,2026-07-08T05:35:27.091Z,6dcc5e50744e69da
art-unleashed,resin,8025525027106,Purple Galaxy Coasters,purple-galaxy-coasters,,,"This set of Galaxy Coasters features a blend of teal, purple, and white hues that will captivate your senses. Carefully crafted for each individual coaster, these resin pieces are not only aesthetically pleasing, but also safe and lightweight for culinary convenience. **** Each Product comes in a set of 2. Add additional units if you need more. ***** Made of Non toxic material Dimensions: 5. 2"" diameter Made of Non toxic material PRODUCT CARE INSTRUCTIONS: Keep away from extreme heat and exposure to the sun. Do not scrub/soak Not dishwasher safe Avoid cleaning products/chemicals Spot clean with gentle soap and water This is a handmade product, and while we put our 100% into every design, there is a slight possibility of imperfections and micro-bubbles.",23,23,INR,TRUE,,,,active,,https://cdn.shopify.com/s/files/1/0687/8871/5810/products/20221202_151432.jpg?v=1670111325 | https://cdn.shopify.com/s/files/1/0687/8871/5810/products/20221202_151152.jpg?v=1670111325,|,"{""tags"":[""Coasters""],""vendor"":""Art Unleashed"",""productType"":""""}",,,https://artunleashed.us/products/purple-galaxy-coasters,2026-07-08T05:35:27.091Z,2026-07-08T05:35:27.091Z,74d8724dfbb780bd
art-unleashed,resin,8024672534818,Deep Beach/ Ocean Coasters,deep-ocean-coasters,,,"These unique, custom Deep Beach/ Ocean Coasters will add a luxurious, glam touch to any home decor. Expertly handcrafted, each one is made with lightweight, durable resin captured with the beautiful blue hues of the ocean. An elegant and thoughtful gift, these coasters are sure to bring a touch of artistic, handmade beauty to any home. Dimensions: 5. 2"" diameter **** Each Product comes in a set of 2. Add additional units if you need more. ***** Made of Non toxic material PRODUCT CARE INSTRUCTIONS: Keep away from extreme heat and exposure to the sun. Do not scrub/soak Not dishwasher safe Avoid cleaning products/chemicals Spot clean with gentle soap and water This is a handmade product, and while we put our 100% into every design, there is a slight possibility of imperfections and micro-bubbles.",25,25,INR,TRUE,,,,active,,https://cdn.shopify.com/s/files/1/0687/8871/5810/products/20221129_224739.jpg?v=1669876789 | https://cdn.shopify.com/s/files/1/0687/8871/5810/products/20221202_150934.jpg?v=1670111265,|,"{""tags"":[""Beach"",""Coasters"",""ocean series""],""vendor"":""Art Unleashed"",""productType"":""""}",,,https://artunleashed.us/products/deep-ocean-coasters,2026-07-08T05:35:27.091Z,2026-07-08T05:35:27.091Z,cb34938aa49ab695
art-unleashed,resin,8025387860258,Shimmering Gold Black Coasters,shimmering-gold-black-coasters,,,"Beautiful set of geode style Coasters. These Shimmering Gold Black colors will make great companion for your happy hour. They come in multi-pattern sets. Each piece is curated with unique patterns. Add that Glitz and Glam to your life! Dimension : 5.2 in * 5.2 inc **** Each Product comes in a set of 2. Add additional units if you need more. ***** Made of Non toxic material PRODUCT CARE INSTRUCTIONS: Keep away from extreme heat and exposure to the sun. Do not scrub/soak Not dishwasher safe Avoid cleaning products/chemicals Spot clean with gentle soap and water This is a handmade product, and while we put our 100% into every design, there is a slight possibility of imperfections and micro-bubbles.",25,25,INR,TRUE,,,,active,,https://cdn.shopify.com/s/files/1/0687/8871/5810/products/20221129_223444_9d3c6b4d-0fa4-4de7-aa12-1848ef8299eb.jpg?v=1669915733 | https://cdn.shopify.com/s/files/1/0687/8871/5810/products/CircularTrayDimension.jpg?v=1670101991,|,"{""tags"":[""Coasters""],""vendor"":""Art Unleashed"",""productType"":""""}",,,https://artunleashed.us/products/shimmering-gold-black-coasters,2026-07-08T05:35:27.091Z,2026-07-08T05:35:27.091Z,fa3b68be2992b59c
art-unleashed,resin,8027360821538,Sea life Coaster,sea-life-coaster,,,"Beautiful set of sealife color Coasters. These deep underwater ocean colors will make great companion for your happy hour. They come in multi-pattern sets. Each piece is curated with unique patterns Made of Non toxic material PRODUCT CARE INSTRUCTIONS: Keep away from extreme heat and exposure to the sun. Do not scrub/soak Not dishwasher safe Avoid cleaning products/chemicals Spot clean with gentle soap and water This is a handmade product, and while we put our 100% into every design, there is a slight possibility of imperfections and micro-bubbles.",18,30,INR,TRUE,,,,active,,https://cdn.shopify.com/s/files/1/0687/8871/5810/products/20221202_161624.jpg?v=1670096549 | https://cdn.shopify.com/s/files/1/0687/8871/5810/products/20221202_161631.jpg?v=1670096549,|,"{""tags"":[""Coasters""],""vendor"":""Art Unleashed"",""productType"":""""}",,,https://artunleashed.us/products/sea-life-coaster,2026-07-08T05:35:27.091Z,2026-07-08T05:35:27.091Z,585901d3a5ec109b
artist-lisa-marie,resin,8909122732344,Golden Beach Coasters (Set of 4),golden-beach-coasters-set-of-4,Stone,,"Ocean wave resin art coaster set made with shimmering golden mica powders. Handmade with love and one of a kind. Each coaster is unique. Only high-quality epoxy resin and pigments were used. Coaster sets will match the photos as closely as possibly as they are made to order and each coaster is unique :) Coasters are 4 inches in diameter and have a cork backing to protect your table surface from scratches. Shipping The set of 4 will be carefully wrapped in glassine & bubble wrap to protect the resin during shipping. Shipping from Clarkston, MI. Care + Cleaning Only the highest quality resin & pigments have been used. Although resistant to yellowing, this product is not recommended for continuous outdoor exposure to UV light. Avoid extreme hot or cold temperatures. Wipe with a solution of warm water and mild dish soap using a soft, microfiber cloth. Do not submerge in water. Restore resin's shine with a quality plastic clean & shine spray. Please Note Each piece is unique and handcrafted. I take care in presenting the products' true colors, however, colors may appear slight different in photos than they do in real life. Usually the pieces are more vibrant and have more depth than what is shown in the photos. Though I pay incredible attention to detail and only sell finished piece's that I would be proud to own myself, small imperfections may occur due to the nature of working with resin. If you have any issues with your purchased piece, please reach out immediately. My goal is for you to love and cherish your purchased artwork / home decor for many years to come!",40,40,INR,TRUE,,,,active,,https://cdn.shopify.com/s/files/1/0721/1086/6744/files/E0D4A206-67F4-401F-B7F1-3D40A3267F90.jpg?v=1702827493 | https://cdn.shopify.com/s/files/1/0721/1086/6744/files/A550FBDA-8B82-419C-A474-5115AD9371D2.jpg?v=1702827495 | https://cdn.shopify.com/s/files/1/0721/1086/6744/files/C806C706-77EA-4C8D-A005-C31EB3336DB5.jpg?v=1702827495 | https://cdn.shopify.com/s/files/1/0721/1086/6744/files/6E1190F5-0345-43EA-B3F2-62AAECDBE128.jpg?v=1702827493 | https://cdn.shopify.com/s/files/1/0721/1086/6744/files/0E959645-72CA-4FA0-940B-2E6EEC7EEBF3.jpg?v=1702827494 | https://cdn.shopify.com/s/files/1/0721/1086/6744/files/B117C10E-D56C-4612-9A60-6CCEEF3CE16D.jpg?v=1702827494 | https://cdn.shopify.com/s/files/1/0721/1086/6744/files/BD99C11B-502E-4D44-92E6-850B7465EF89.jpg?v=1702827494,|  |  |  |  |  |,"{""tags"":[""barware"",""beach"",""beach decor"",""beach house"",""beach house decor"",""beachdecor"",""beachhouse"",""christmas gift"",""coaster"",""coasters"",""drink coasters"",""drink_coasters"",""gold"",""home decor"",""homedecor"",""lake"",""lake house"",""lakeart"",""lakehouse"",""luxury"",""oceanart"",""oceanwave"",""resinart"",""wavecoasters"",""waves""],""vendor"":""Artist Lisa Marie"",""productType"":""Stone""}",,,https://artistlisamarie.com/products/golden-beach-coasters-set-of-4,2026-07-08T05:35:29.144Z,2026-07-08T05:35:29.144Z,62d6cf7671ab4f21
artist-lisa-marie,resin,8864731201848,Original Artwork Magnet Set (6),original-artwork-magnet-set-15,magnets,,"Hand-painted alcohol ink artwork sealed under a glass cabochan with heavy-duty rare earth magnet. Magnets make for a wonderful, practical gift for any occasion and this set comes with 6 completely unique miniature pieces of art! Only high-quality inks and sealers, included UV Protection, were used to make this set colorful set. Strong enough to hold paper as thick as three business cards! Ideal for lockers, magnet boards, kitchen, office, laundry room, file cabinets, to-do lists, etc. Each magnet is 1 1/8 inches in diameter. Choking Hazard The magnets are not intended for use by small children and should be kept out of their reach as they could present a choking hazard Shipping Each magnet set will be carefully wrapped and shipped in bubble mailer. Shipping from Clarkston, MI. Care + Cleaning Only the highest quality alcohol inks have been used. Although the alcohol ink art has been sealed with UV Archival Varnish, this product is not recommended for continuous outdoor exposure to UV light. Avoid extreme hot or cold temperatures. Wipe clean with glass cleaner and a microfiber cloth. Do not submerge in water. Please Note Each piece is unique and handcrafted. I take care in presenting the products' true colors, however, colors may appear slight different in photos than they do in real life. Usually the pieces are more vibrant and have more depth than what is shown in the photos. Though I pay incredible attention to detail and only sell finished piece's that I would be proud to own myself, small imperfections may occur due to the nature of working with alcohol inks and glass. If you have any issues with your magnet set, please reach out immediately. My goal is for you to love and cherish your purchased artwork / home decor for many years to come!",14,14,INR,TRUE,,,,active,,https://cdn.shopify.com/s/files/1/0721/1086/6744/files/2B44BE9B-AC87-4EAD-A8A5-35FEA0577283.jpg?v=1700508480 | https://cdn.shopify.com/s/files/1/0721/1086/6744/files/5CF17F06-68D2-49C2-8D63-841EB59DD873.jpg?v=1700508481 | https://cdn.shopify.com/s/files/1/0721/1086/6744/files/FullSizeRender_e025b4cb-5c58-4c8e-8bbc-bf856b923c03.heic?v=1700598478,|  |,"{""tags"":[""abstract art"",""alcohol ink"",""art"",""beachdecor"",""christmas"",""christmas decor"",""christmas gift"",""Functional Art"",""hand painted"",""holiday"",""homedecor"",""hostess gift"",""housewarming"",""lisa marie"",""luxury"",""magnet"",""mothers day"",""painting""],""vendor"":""Artist Lisa Marie"",""productType"":""magnets""}",,,https://artistlisamarie.com/products/original-artwork-magnet-set-15,2026-07-08T05:35:29.144Z,2026-07-08T05:35:29.144Z,53c9bb3acf37255e
artist-lisa-marie,resin,9840109650232,Shimmering Gold Coasters (Set of 4),shimmering-gold-coasters-set-of-4,Coasters,,"Alcohol ink & resin coaster set made with vibrant, high-quality alcohol inks. Handmade with love and one of a kind. Each coaster is unique. Only high-quality epoxy resin and pigments were used. Coasters are 4.25 inches across at their widest point and have a cork backing to protect your table surface from scratches. Shipping The set of 4 will be carefully wrapped in glassine & bubble wrap to protect the resin during shipping. Shipping from Clarkston, MI. Care + Cleaning Only the highest quality resin & pigments have been used. Although resistant to yellowing, this product is not recommended for continuous outdoor exposure to UV light. Avoid extremely hot or cold temperatures. Wipe with a solution of warm water and mild dish soap using a soft, microfiber cloth. Do not submerge in water. Restore resin's shine with a quality plastic clean & shine spray. Please Note Each piece is unique and handcrafted. I take care in presenting the products' true colors, however, colors may appear slightly different in photos than they do in real life. Usually, the pieces are more vibrant and have more depth than what is shown in the photos. Though I pay incredible attention to detail and only sell finished piece's that I would be proud to own myself, small imperfections may occur due to the nature of working with resin. If you have any issues with your purchased piece, please reach out immediately. My goal is for you to love and cherish your purchased artwork/home decor for many years to come!",40,40,INR,TRUE,,,,active,,https://cdn.shopify.com/s/files/1/0721/1086/6744/files/49EEAAED-8FFB-41A4-834E-F011A2DC4452.jpg?v=1742923928 | https://cdn.shopify.com/s/files/1/0721/1086/6744/files/D3B1FF2D-C46A-4F10-B59F-EB2226C0AE18.jpg?v=1742923928 | https://cdn.shopify.com/s/files/1/0721/1086/6744/files/7FF10C2A-15C7-4AF3-92CE-22637FE6400B.jpg?v=1742923929 | https://cdn.shopify.com/s/files/1/0721/1086/6744/files/9A6DD0EE-E7EF-4E65-995C-E43E30229B74.jpg?v=1742923928 | https://cdn.shopify.com/s/files/1/0721/1086/6744/files/3D7E5047-5E0E-4EFB-9E0C-9781D7CD8548.jpg?v=1742923928,|  |  |  |,"{""tags"":[""abstract art"",""alcohol ink"",""barware"",""christmas gift"",""coaster"",""drink coasters"",""gift"",""gold"",""hexagon"",""home decor"",""hostess gift"",""lisa marie"",""mothers day"",""resin art""],""vendor"":""Artist Lisa Marie"",""productType"":""Coasters""}",,,https://artistlisamarie.com/products/shimmering-gold-coasters-set-of-4,2026-07-08T05:35:29.144Z,2026-07-08T05:35:29.144Z,9091bff3f7f0d7a5
artist-lisa-marie,resin,9840107913528,Dark Peach and Gold Coasters (Set of 4),dark-peach-and-gold-coasters-set-of-5,Coasters,,"Alcohol ink & resin coaster set made with vibrant, high-quality alcohol inks. Handmade with love and one of a kind. Each coaster is unique. Only high-quality epoxy resin and pigments were used. Coasters are 4.25 inches across at their widest point and have a cork backing to protect your table surface from scratches. Shipping The set of 4 will be carefully wrapped in glassine & bubble wrap to protect the resin during shipping. Shipping from Clarkston, MI. Care + Cleaning Only the highest quality resin & pigments have been used. Although resistant to yellowing, this product is not recommended for continuous outdoor exposure to UV light. Avoid extremely hot or cold temperatures. Wipe with a solution of warm water and mild dish soap using a soft, microfiber cloth. Do not submerge in water. Restore resin's shine with a quality plastic clean & shine spray. Please Note Each piece is unique and handcrafted. I take care in presenting the products' true colors, however, colors may appear slightly different in photos than they do in real life. Usually, the pieces are more vibrant and have more depth than what is shown in the photos. Though I pay incredible attention to detail and only sell finished piece's that I would be proud to own myself, small imperfections may occur due to the nature of working with resin. If you have any issues with your purchased piece, please reach out immediately. My goal is for you to love and cherish your purchased artwork/home decor for many years to come!",40,40,INR,TRUE,,,,active,,https://cdn.shopify.com/s/files/1/0721/1086/6744/files/5F994C5A-07F1-438E-B584-117E34022AB2.png?v=1742923862 | https://cdn.shopify.com/s/files/1/0721/1086/6744/files/F8886E3C-0854-444E-90ED-88FBA6F4B076.jpg?v=1742923862 | https://cdn.shopify.com/s/files/1/0721/1086/6744/files/6ECB9799-70B9-4ED9-9406-76E0D25F802B.jpg?v=1742923862 | https://cdn.shopify.com/s/files/1/0721/1086/6744/files/508DE49F-C161-435F-890F-BC0EA247859B.png?v=1742923862 | https://cdn.shopify.com/s/files/1/0721/1086/6744/files/925BF629-0926-4BA7-8BA8-B5CF4AC735F7.jpg?v=1742923831 | https://cdn.shopify.com/s/files/1/0721/1086/6744/files/047C481F-B863-4E09-925E-EF60A2B51417.png?v=1742923832,|  |  |  |  |,"{""tags"":[""abstract art"",""alcohol ink"",""barware"",""christmas gift"",""coaster"",""drink coasters"",""gift"",""gold"",""hexagon"",""home decor"",""hostess gift"",""lisa marie"",""mothers day"",""resin art""],""vendor"":""Artist Lisa Marie"",""productType"":""Coasters""}",,,https://artistlisamarie.com/products/dark-peach-and-gold-coasters-set-of-5,2026-07-08T05:35:29.144Z,2026-07-08T05:35:29.144Z,259d68e09907c902
artist-lisa-marie,resin,9840102539576,Dark Peach and Gold Coasters (Set of 4),dark-peach-and-gold-coasters-set-of-4,Coasters,,"Alcohol ink & resin coaster set made with vibrant, high-quality alcohol inks. Handmade with love and one of a kind. Each coaster is unique. Only high-quality epoxy resin and pigments were used. Coasters are 4.25 inches across at their widest point and have a cork backing to protect your table surface from scratches. Shipping The set of 4 will be carefully wrapped in glassine & bubble wrap to protect the resin during shipping. Shipping from Clarkston, MI. Care + Cleaning Only the highest quality resin & pigments have been used. Although resistant to yellowing, this product is not recommended for continuous outdoor exposure to UV light. Avoid extremely hot or cold temperatures. Wipe with a solution of warm water and mild dish soap using a soft, microfiber cloth. Do not submerge in water. Restore resin's shine with a quality plastic clean & shine spray. Please Note Each piece is unique and handcrafted. I take care in presenting the products' true colors, however, colors may appear slightly different in photos than they do in real life. Usually, the pieces are more vibrant and have more depth than what is shown in the photos. Though I pay incredible attention to detail and only sell finished piece's that I would be proud to own myself, small imperfections may occur due to the nature of working with resin. If you have any issues with your purchased piece, please reach out immediately. My goal is for you to love and cherish your purchased artwork/home decor for many years to come!",40,40,INR,TRUE,,,,active,,https://cdn.shopify.com/s/files/1/0721/1086/6744/files/5E013DAB-1327-4E5A-AE07-25465B00866F.png?v=1742923685 | https://cdn.shopify.com/s/files/1/0721/1086/6744/files/9D275B54-535A-4948-BBF1-A083CDF371F4.jpg?v=1742923517 | https://cdn.shopify.com/s/files/1/0721/1086/6744/files/0BF768AD-B654-4AE1-B52A-B36EC481431A.jpg?v=1742923517 | https://cdn.shopify.com/s/files/1/0721/1086/6744/files/397058BE-0F97-4271-B593-5855AE4542DD.png?v=1742923658,|  |  |,"{""tags"":[""abstract art"",""alcohol ink"",""barware"",""christmas gift"",""coaster"",""drink coasters"",""gift"",""gold"",""hexagon"",""home decor"",""hostess gift"",""lisa marie"",""mothers day"",""resin art""],""vendor"":""Artist Lisa Marie"",""productType"":""Coasters""}",,,https://artistlisamarie.com/products/dark-peach-and-gold-coasters-set-of-4,2026-07-08T05:35:29.144Z,2026-07-08T05:35:29.144Z,bfca4b1abc2d364f
artist-lisa-marie,resin,9657786171704,Multi-color Ocean Waves Crystal Wine Glasses (Set of 4),multi-color-ocean-waves-crystal-wine-glasses-set-of-4,Wine Glasses,,"Set of 4 hand-blown premium crystal wine glasses with colorful resin ocean waves. Luxury drinkware for special occasions but also durable enough for everyday use. These glasses make the perfect house-warming, shower, anniversary or birthday gift... or a special purchase for yourself. Each set is made to order and elegantly unique. Their large 18 oz capacity makes them perfect for any drink. 3.6 in W x 4.7 in H CARE It is recommended to gently hand-wash your crystal & resin wine glasses. Do not place this wine glass in the dishwasher or microwave.",95,95,INR,TRUE,,,,active,,https://cdn.shopify.com/s/files/1/0721/1086/6744/files/F0A9DD7A-1E11-4B93-A04F-439BF637B025.jpg?v=1733701182 | https://cdn.shopify.com/s/files/1/0721/1086/6744/files/2FED47B3-E7AE-4F5C-9692-39DA48ED34B5.jpg?v=1733701182 | https://cdn.shopify.com/s/files/1/0721/1086/6744/files/092B7573-6B57-455D-B4A6-156383A90ED2.jpg?v=1733701182 | https://cdn.shopify.com/s/files/1/0721/1086/6744/files/DEE0FD90-B671-4EA1-BD72-7AEF67E53DC2.jpg?v=1733701183 | https://cdn.shopify.com/s/files/1/0721/1086/6744/files/2B56210C-8A92-4512-9B95-3EED35F702E6.jpg?v=1733701182,|  |  |  |,"{""tags"":[""beach decor"",""beach house decor"",""blue"",""christmas gift"",""coastal decor"",""custom"",""gift"",""home decor"",""hostess gift"",""housewarming"",""lisa marie"",""luxury"",""nautical"",""nautical decor"",""wine"",""wine glass""],""vendor"":""Artist Lisa Marie"",""productType"":""Wine Glasses""}",,,https://artistlisamarie.com/products/multi-color-ocean-waves-crystal-wine-glasses-set-of-4,2026-07-08T05:35:29.144Z,2026-07-08T05:35:29.144Z,1b1fa327296f4310
artist-lisa-marie,resin,9554095276344,Ocean Tumbler,ocean-tumbler-1,"Metal,Glass",,"3D ocean tumbler made with the highest-quality resin and pigments. Each handmade functional art piece is 100% unique. Double-wall, vacuum insulated 20 oz stainless steel tumblers. Keeps your drinks hot for 3 hours or cold for 9 hours! Comes with a transparent clear press-down lid. Perfect for a hostess gift, house-warming present, or birthday gift. CARE It is recommended to hand-wash your tumbler. Your tumbler is not microwave or dishwasher-safe, however, the lid can be washed in the dishwasher.",30,30,INR,TRUE,,,,active,,https://cdn.shopify.com/s/files/1/0721/1086/6744/files/LisaMarie_OceanTumbler_4.jpg?v=1725133135 | https://cdn.shopify.com/s/files/1/0721/1086/6744/files/LisaMarie_OceanTumbler_2.jpg?v=1725133135 | https://cdn.shopify.com/s/files/1/0721/1086/6744/files/LisaMarie_OceanTumbler_1.jpg?v=1725133135 | https://cdn.shopify.com/s/files/1/0721/1086/6744/files/LisaMarie_OceanTumbler_3.jpg?v=1725133135 | https://cdn.shopify.com/s/files/1/0721/1086/6744/files/LisaMarie_OceanTumbler_5.jpg?v=1725133135 | https://cdn.shopify.com/s/files/1/0721/1086/6744/files/LisaMarie_OceanTumbler_6.jpg?v=1725133135,|  |  |  |  |,"{""tags"":[""chakra"",""drinkware"",""ombre"",""Tumbler""],""vendor"":""Artist Lisa Marie"",""productType"":""Metal,Glass""}",,,https://artistlisamarie.com/products/ocean-tumbler-1,2026-07-08T05:35:29.144Z,2026-07-08T05:35:29.144Z,6c184dd8c04ac644
artist-lisa-marie,resin,9539852337464,Ocean Waves Crystal Wine Glasses (Set of 6),ocean-waves-crystal-wine-glasses-set-of-7,Wine Glasses,,"Set of 6 hand-blown premium crystal wine glasses with two-toned resin ocean waves. Luxury drinkware for special occasions but also durable enough for everyday use. These glasses make the perfect house-warming, shower, anniversary or birthday gift... or a special purchase for yourself. Each set is made to order and elegantly unique. Their large 18 oz capacity makes them perfect for any drink. 3.6 in W x 4.7 in H CARE It is recommended to gently hand-wash your crystal & resin wine glasses. Do not place this wine glass in the dishwasher or microwave.",120,120,INR,TRUE,,,,active,,https://cdn.shopify.com/s/files/1/0721/1086/6744/files/LisaMarie_OceanWineGlasses_2.jpg?v=1724183022 | https://cdn.shopify.com/s/files/1/0721/1086/6744/files/LisaMarie_OceanWineGlasses_3.jpg?v=1724183022 | https://cdn.shopify.com/s/files/1/0721/1086/6744/files/LisaMarie_OceanWineGlasses_4.jpg?v=1724183022,|  |,"{""tags"":[""beach decor"",""beach house decor"",""blue"",""christmas gift"",""coastal decor"",""custom"",""gift"",""home decor"",""hostess gift"",""housewarming"",""lisa marie"",""luxury"",""nautical"",""nautical decor"",""wine"",""wine glass""],""vendor"":""Artist Lisa Marie"",""productType"":""Wine Glasses""}",,,https://artistlisamarie.com/products/ocean-waves-crystal-wine-glasses-set-of-7,2026-07-08T05:35:29.144Z,2026-07-08T05:35:29.144Z,12f14de225b62f1c
artist-lisa-marie,resin,9539827925304,Ocean Waves Crystal Wine Glasses (Set of 2),ocean-waves-crystal-wine-glasses-set-of-2,Wine Glasses,,"Set of 2 hand-blown premium crystal wine glasses with two-toned resin ocean waves. Luxury drinkware for special occasions but also durable enough for everyday use. These glasses make the perfect house-warming, shower, anniversary or birthday gift... or a special purchase for yourself. Each set is made to order and elegantly unique. Their large 18 oz capacity makes them perfect for any drink. 3.6 in W x 4.7 in H CARE It is recommended to gently hand-wash your crystal & resin wine glasses. Do not place this wine glass in the dishwasher or microwave.",50,50,INR,TRUE,,,,active,,https://cdn.shopify.com/s/files/1/0721/1086/6744/files/LisaMarie_OceanWineGlasses_1.jpg?v=1724182018 | https://cdn.shopify.com/s/files/1/0721/1086/6744/files/LisaMarie_OceanWineGlasses_5.jpg?v=1724182019 | https://cdn.shopify.com/s/files/1/0721/1086/6744/files/LisaMarie_OceanWineGlasses_6.jpg?v=1724182019,|  |,"{""tags"":[""beach decor"",""beach house decor"",""blue"",""christmas gift"",""coastal decor"",""custom"",""gift"",""home decor"",""hostess gift"",""housewarming"",""lisa marie"",""luxury"",""nautical"",""nautical decor"",""wine"",""wine glass""],""vendor"":""Artist Lisa Marie"",""productType"":""Wine Glasses""}",,,https://artistlisamarie.com/products/ocean-waves-crystal-wine-glasses-set-of-2,2026-07-08T05:35:29.144Z,2026-07-08T05:35:29.144Z,e660022e61ed29c2
artist-lisa-marie,resin,9499872428344,Ocean Waves Surfboard,ocean-waves-surfboard,Wall Art,,"3 FT hardwood surfboard with layered resin waves. Surfboard front and back is sealed. Comes with heavy-duty sawtooth hardware for hanging vertically or horizontally. Hardware can be attached to the board or left detached. 36"" L x 12"" W x 7/8"" H Care + Cleaning Only the highest quality resin & pigments have been used. Although resistant to yellowing, this product is not recommended for continuous outdoor exposure to UV light. Avoid extremely hot or cold temperatures. Wipe with a solution of warm water and mild dish soap using a soft, microfiber cloth. Do not submerge in water. Restore resin's shine with a quality plastic clean & shine spray. Please Note Each piece is unique and handcrafted. I take care in presenting the products' true colors, however, colors may appear slightly different in photos than they do in real life. Usually, the pieces are more vibrant and have more depth than what is shown in the photos. Though I pay incredible attention to detail and only sell finished piece's that I would be proud to own myself, small imperfections may occur due to the nature of working with resin. If you have any issues with your purchased piece, please reach out immediately. My goal is for you to love and cherish your purchased artwork/home decor for many years to come!",269,269,INR,TRUE,,,,out_of_stock,,https://cdn.shopify.com/s/files/1/0721/1086/6744/files/APC_7061.jpg?v=1721675750 | https://cdn.shopify.com/s/files/1/0721/1086/6744/files/APC_7052.jpg?v=1721675750 | https://cdn.shopify.com/s/files/1/0721/1086/6744/files/APC_7054.jpg?v=1721675749 | https://cdn.shopify.com/s/files/1/0721/1086/6744/files/APC_7063.jpg?v=1721675874 | https://cdn.shopify.com/s/files/1/0721/1086/6744/files/APC_7062_1dd0bf47-9093-4929-9232-fe6a07e2b503.jpg?v=1721675933,|  |  |  |,"{""tags"":[""abstract art"",""beach house"",""fluid art"",""gift"",""housewarming"",""lake house"",""lisa marie"",""nautical"",""nautical decor"",""oceanboard"",""resin art"",""surfboard"",""wall art"",""waves""],""vendor"":""Artist Lisa Marie"",""productType"":""Wall Art""}",,,https://artistlisamarie.com/products/ocean-waves-surfboard,2026-07-08T05:35:29.144Z,2026-07-08T05:35:29.144Z,96c6091da1b36b9e
artist-lisa-marie,resin,9499799093560,Ocean Waves Crystal Wine Glasses (Set of 4),ocean-waves-crystal-wine-glasses,Wine Glasses,,"Set of 4 hand-blown premium crystal wine glasses with two-toned resin ocean waves. Luxury drinkware for special occasions but also durable enough for everyday use. These glasses make the perfect house-warming, shower, anniversary or birthday gift... or a special purchase for yourself. Each set is made to order and elegantly unique. Their large 18 oz capacity makes them perfect for any drink. 3.6 in W x 4.7 in H CARE It is recommended to gently hand-wash your crystal & resin wine glasses. Do not place this wine glass in the dishwasher or microwave.",95,95,INR,TRUE,,,,active,,https://cdn.shopify.com/s/files/1/0721/1086/6744/files/IMG-6962.jpg?v=1722659181 | https://cdn.shopify.com/s/files/1/0721/1086/6744/files/18ECC287-C962-4C5E-B7F1-543CEE3580A5.jpg?v=1722659435 | https://cdn.shopify.com/s/files/1/0721/1086/6744/files/02D4C8EE-B5BD-487D-8629-9DF3D72823B4.jpg?v=1722659435 | https://cdn.shopify.com/s/files/1/0721/1086/6744/files/0D7D9196-2433-4810-8492-50E9E22F2422.jpg?v=1722659435 | https://cdn.shopify.com/s/files/1/0721/1086/6744/files/2C116B3A-FCE7-44DC-AF97-D325CF520310.jpg?v=1722659181,|  |  |  |,"{""tags"":[""beach decor"",""beach house decor"",""blue"",""christmas gift"",""coastal decor"",""custom"",""gift"",""home decor"",""hostess gift"",""housewarming"",""lisa marie"",""luxury"",""nautical"",""nautical decor"",""wine"",""wine glass""],""vendor"":""Artist Lisa Marie"",""productType"":""Wine Glasses""}",,,https://artistlisamarie.com/products/ocean-waves-crystal-wine-glasses,2026-07-08T05:35:29.144Z,2026-07-08T05:35:29.144Z,beee1cb90c8a3cf5
artist-lisa-marie,resin,8904011940152,Hand-Painted Blue Tumbler,copy-hand-painted-blue-tumbler,,,"One-of-a-kind tumbler made with the highest-quality alcohol inks and gold details. The artwork is triple-sealed to prevent scratches or fading and includes UV protection. Double-wall vacuum insulated 20 oz. The stainless steel tumbler keeps your drinks hot for 3 hours or cold for 9 hours! Comes with a transparent clear press-down lid. Functional art makes the perfect gift for anyone on your list! RAISE YOUR VIBRATION Color therapy is a great way to dig into the subtle energies of the chakras. CARE It is recommended to hand-wash your tumbler. Your tumbler is not microwave or dishwasher-safe, however, the lid and straw can be washed in the dishwasher.",30,30,INR,TRUE,,,,active,,https://cdn.shopify.com/s/files/1/0721/1086/6744/files/66AAB111-04B5-4501-8D04-ED65B3D17690.jpg?v=1721755584 | https://cdn.shopify.com/s/files/1/0721/1086/6744/files/1CD3CE52-7A9B-4920-A7E9-40ABC7155F02.jpg?v=1721755584 | https://cdn.shopify.com/s/files/1/0721/1086/6744/files/9746C6DE-696F-44D1-91A7-F27BB18FB840.jpg?v=1702492337 | https://cdn.shopify.com/s/files/1/0721/1086/6744/files/9CA263CB-8DFA-4E18-AEAB-A002E1C42D5C.jpg?v=1702492336 | https://cdn.shopify.com/s/files/1/0721/1086/6744/files/92A5FA85-570F-49DB-B558-247A9D2A27D8.jpg?v=1702492337 | https://cdn.shopify.com/s/files/1/0721/1086/6744/files/1CD3CE52-7A9B-4920-A7E9-40ABC7155F02_4c4f8898-854f-4cba-bb35-1e3807678b6e.jpg?v=1702492425 | https://cdn.shopify.com/s/files/1/0721/1086/6744/files/66AAB111-04B5-4501-8D04-ED65B3D17690_ff0571fe-0472-4a4e-bda6-6ec60dd7fe72.jpg?v=1702492425 | https://cdn.shopify.com/s/files/1/0721/1086/6744/files/9746C6DE-696F-44D1-91A7-F27BB18FB840_d8214dee-de63-4d9d-9329-725db1511cf6.jpg?v=1702492426 | https://cdn.shopify.com/s/files/1/0721/1086/6744/files/9CA263CB-8DFA-4E18-AEAB-A002E1C42D5C_8f24a3f2-5675-41f1-ba3e-8df02128ee02.jpg?v=1702492425 | https://cdn.shopify.com/s/files/1/0721/1086/6744/files/92A5FA85-570F-49DB-B558-247A9D2A27D8_70cdef48-2306-4475-b836-5b1c84d13225.jpg?v=1702492426,|  |  |  |  |  |  |  |  |,"{""tags"":[""alcohol ink"",""blue"",""drinkware"",""Functional Art"",""gift"",""Tumbler""],""vendor"":""Artist Lisa Marie"",""productType"":""""}",,,https://artistlisamarie.com/products/copy-hand-painted-blue-tumbler,2026-07-08T05:35:29.144Z,2026-07-08T05:35:29.144Z,5ef164eff69f34b3
artist-lisa-marie,resin,8899970826552,Original Artwork Magnet Set (6),original-artwork-magnet-set-23,magnets,,"Hand-painted alcohol ink artwork sealed under a glass cabochan with heavy-duty rare earth magnet. Magnets make for a wonderful, practical gift for any occasion and this set comes with 6 completely unique miniature pieces of art! Only high-quality inks and sealers, included UV Protection, were used to make this set colorful set. Strong enough to hold paper as thick as three business cards! Ideal for lockers, magnet boards, kitchen, office, laundry room, file cabinets, to-do lists, etc. Each magnet is 1 1/8 inches in diameter. Choking Hazard The magnets are not intended for use by small children and should be kept out of their reach as they could present a choking hazard Shipping Each magnet set will be carefully wrapped and shipped in bubble mailer. Shipping from Clarkston, MI. Care + Cleaning Only the highest quality alcohol inks have been used. Although the alcohol ink art has been sealed with UV Archival Varnish, this product is not recommended for continuous outdoor exposure to UV light. Avoid extreme hot or cold temperatures. Wipe clean with glass cleaner and a microfiber cloth. Do not submerge in water. Please Note Each piece is unique and handcrafted. I take care in presenting the products' true colors, however, colors may appear slight different in photos than they do in real life. Usually the pieces are more vibrant and have more depth than what is shown in the photos. Though I pay incredible attention to detail and only sell finished piece's that I would be proud to own myself, small imperfections may occur due to the nature of working with alcohol inks and glass. If you have any issues with your magnet set, please reach out immediately. My goal is for you to love and cherish your purchased artwork / home decor for many years to come!",14,14,INR,TRUE,,,,out_of_stock,,https://cdn.shopify.com/s/files/1/0721/1086/6744/files/2B53A1EE-6CAB-46F9-877E-9F92B7CF1AF1.jpg?v=1702311404 | https://cdn.shopify.com/s/files/1/0721/1086/6744/files/9973C47C-146F-4EC2-943D-FB4E9F0195AA.jpg?v=1702311404 | https://cdn.shopify.com/s/files/1/0721/1086/6744/files/B4147569-0AC4-4D37-ADCC-0147EB680D2B.jpg?v=1702311404 | https://cdn.shopify.com/s/files/1/0721/1086/6744/files/FullSizeRender_6366c0d0-0605-49ce-98a9-7c351ceeca15.jpg?v=1702311404,|  |  |,"{""tags"":[""abstract art"",""alcohol ink"",""art"",""beachdecor"",""blue"",""christmas"",""christmas decor"",""christmas gift"",""Functional Art"",""gift"",""hand painted"",""holiday"",""homedecor"",""hostess gift"",""housewarming"",""lisa marie"",""luxury"",""magnet"",""mothers day"",""painting""],""vendor"":""Artist Lisa Marie"",""productType"":""magnets""}",,,https://artistlisamarie.com/products/original-artwork-magnet-set-23,2026-07-08T05:35:29.144Z,2026-07-08T05:35:29.144Z,467acc0b38cf14b3
artist-lisa-marie,resin,8899092250936,Original Artwork Magnet Set (6),original-artwork-magnet-set-21,magnets,,"Hand-painted alcohol ink artwork sealed under a glass cabochan with heavy-duty rare earth magnet. Magnets make for a wonderful, practical gift for any occasion and this set comes with 6 completely unique miniature pieces of art! Only high-quality inks and sealers, included UV Protection, were used to make this set colorful set. Strong enough to hold paper as thick as three business cards! Ideal for lockers, magnet boards, kitchen, office, laundry room, file cabinets, to-do lists, etc. Each magnet is 1 1/8 inches in diameter. Choking Hazard The magnets are not intended for use by small children and should be kept out of their reach as they could present a choking hazard Shipping Each magnet set will be carefully wrapped and shipped in bubble mailer. Shipping from Clarkston, MI. Care + Cleaning Only the highest quality alcohol inks have been used. Although the alcohol ink art has been sealed with UV Archival Varnish, this product is not recommended for continuous outdoor exposure to UV light. Avoid extreme hot or cold temperatures. Wipe clean with glass cleaner and a microfiber cloth. Do not submerge in water. Please Note Each piece is unique and handcrafted. I take care in presenting the products' true colors, however, colors may appear slight different in photos than they do in real life. Usually the pieces are more vibrant and have more depth than what is shown in the photos. Though I pay incredible attention to detail and only sell finished piece's that I would be proud to own myself, small imperfections may occur due to the nature of working with alcohol inks and glass. If you have any issues with your magnet set, please reach out immediately. My goal is for you to love and cherish your purchased artwork / home decor for many years to come!",14,14,INR,TRUE,,,,out_of_stock,,https://cdn.shopify.com/s/files/1/0721/1086/6744/files/E0E27C6D-0B01-4BEE-BE3F-8368E163B1D3.jpg?v=1702249288 | https://cdn.shopify.com/s/files/1/0721/1086/6744/files/E51BB3A1-C8A4-4462-A62B-27B60F437947.jpg?v=1702249288 | https://cdn.shopify.com/s/files/1/0721/1086/6744/files/FF13123F-9EC4-479A-8B80-BF8AE86313E4.jpg?v=1702249288 | https://cdn.shopify.com/s/files/1/0721/1086/6744/files/449E8230-0DE6-420D-AFF4-12F884D4C8D9.jpg?v=1702249287 | https://cdn.shopify.com/s/files/1/0721/1086/6744/files/8136456D-CE7B-4D3C-A048-20CEDAADCC78.jpg?v=1702249287,|  |  |  |,"{""tags"":[""abstract art"",""alcohol ink"",""art"",""beachdecor"",""christmas"",""christmas decor"",""christmas gift"",""Functional Art"",""gift"",""hand painted"",""holiday"",""homedecor"",""hostess gift"",""housewarming"",""lisa marie"",""luxury"",""magnet"",""mothers day"",""ombré"",""painting"",""Sunset""],""vendor"":""Artist Lisa Marie"",""productType"":""magnets""}",,,https://artistlisamarie.com/products/original-artwork-magnet-set-21,2026-07-08T05:35:29.144Z,2026-07-08T05:35:29.144Z,c2c294f24ee31c08
artist-lisa-marie,resin,8886955606328,Turquoise and Blue Ocean Beach Coasters (Set of 4),turquoise-and-blue-ocean-beach-coasters-set-of-4,Coasters,,"Ocean wave resin art coaster set made with shimmering mica pigments. Handmade with love and one of a kind. Each coaster is unique. Only high-quality epoxy resin and pigments were used. Coasters are 4 inches in diameter and have a cork backing to protect your table surface from scratches. Shipping The set of 4 will be carefully wrapped in glassine & bubble wrap to protect the resin during shipping. Shipping from Clarkston, MI. Care + Cleaning Only the highest quality resin & pigments have been used. Although resistant to yellowing, this product is not recommended for continuous outdoor exposure to UV light. Avoid extremely hot or cold temperatures. Wipe with a solution of warm water and mild dish soap using a soft, microfiber cloth. Do not submerge in water. Restore resin's shine with a quality plastic clean & shine spray. Please Note Each piece is unique and handcrafted. I take care in presenting the products' true colors, however, colors may appear slightly different in photos than they do in real life. Usually, the pieces are more vibrant and have more depth than what is shown in the photos. Though I pay incredible attention to detail and only sell finished piece's that I would be proud to own myself, small imperfections may occur due to the nature of working with resin. If you have any issues with your purchased piece, please reach out immediately. My goal is for you to love and cherish your purchased artwork/home decor for many years to come!",40,40,INR,TRUE,,,,out_of_stock,,https://cdn.shopify.com/s/files/1/0721/1086/6744/files/DF4769C4-5085-4C52-9AF5-48A27799895F.jpg?v=1701763037 | https://cdn.shopify.com/s/files/1/0721/1086/6744/files/D5CEA585-B92D-4F03-BF3F-E913DA802A97.jpg?v=1701763037 | https://cdn.shopify.com/s/files/1/0721/1086/6744/files/FAC96895-627F-4CE7-B4A0-E8026E11E0BF.jpg?v=1701763036 | https://cdn.shopify.com/s/files/1/0721/1086/6744/files/477679DD-82E4-45DD-A72E-103A4F067365.jpg?v=1701763037 | https://cdn.shopify.com/s/files/1/0721/1086/6744/files/C6BFE2F2-C648-44E8-B8D1-547E9E245E69.jpg?v=1701763038 | https://cdn.shopify.com/s/files/1/0721/1086/6744/files/1ABF26E0-88F0-4C0C-B512-C16ED3C2680C.jpg?v=1701763037,|  |  |  |  |,"{""tags"":[""barware"",""beach"",""beach decor"",""beach house"",""beach house decor"",""blue"",""coaster"",""coasters"",""drink coasters"",""Functional Art"",""hand painted"",""home decor"",""hostess gift"",""housewarming"",""lake"",""lake art"",""lake house"",""lisa marie"",""nautical"",""nautical decor"",""ocean art"",""ocean wave"",""resin art"",""wave coasters"",""waves""],""vendor"":""Artist Lisa Marie"",""productType"":""Coasters""}",,,https://artistlisamarie.com/products/turquoise-and-blue-ocean-beach-coasters-set-of-4,2026-07-08T05:35:29.144Z,2026-07-08T05:35:29.144Z,5461e6ea5d4fdfd3
artist-lisa-marie,resin,8886797402424,Shimmering Blush Pink Coasters (Set of 4),shimmering-blush-pink-coasters-set-of-4,Coasters,,"Blush pink and white dimensional coasters. Abstract art coaster set, complete with shimmering, layered pigments and three layers of epoxy resin. Handmade with love and one of a kind. Each coaster is unique! Only high-quality epoxy resin, pigments, and paints were used. Coasters are 4 inches in diameter and have a cork backing to protect your table surface from scratches. Shipping The set of 4 will be carefully wrapped in glassine & bubble wrap to protect the resin during shipping. Shipping from Clarkston, MI. Care + Cleaning Only the highest quality resin & pigments have been used. Although resistant to yellowing, this product is not recommended for continuous outdoor exposure to UV light. Avoid extremely hot or cold temperatures. Wipe with a solution of warm water and mild dish soap using a soft, microfiber cloth. Do not submerge in water. Restore resin's shine with a quality plastic clean & shine spray. Please Note Each piece is unique and handcrafted. I take care in presenting the products' true colors, however, colors may appear slightly different in photos than they do in real life. Usually, the pieces are more vibrant and have more depth than what is shown in the photos. Though I pay incredible attention to detail and only sell finished piece's that I would be proud to own myself, small imperfections may occur due to the nature of working with resin. If you have any issues with your purchased piece, please reach out immediately. My goal is for you to love and cherish your purchased artwork/home decor for many years to come!",40,40,INR,TRUE,,,,out_of_stock,,https://cdn.shopify.com/s/files/1/0721/1086/6744/files/A83AF1FC-B12A-4EBD-9F75-557962D155F5.jpg?v=1701746196 | https://cdn.shopify.com/s/files/1/0721/1086/6744/files/D292262F-652D-4755-9DC1-69604211A553.jpg?v=1701746197 | https://cdn.shopify.com/s/files/1/0721/1086/6744/files/EE13AACB-ED74-45F6-8857-8867EB5C2DAC.jpg?v=1701746197 | https://cdn.shopify.com/s/files/1/0721/1086/6744/files/BF306595-6B7F-4093-9D51-C0ED37AC7763.jpg?v=1701746196 | https://cdn.shopify.com/s/files/1/0721/1086/6744/files/6E4DAD68-AFB4-466D-BAA1-8F4857274578.jpg?v=1701746198 | https://cdn.shopify.com/s/files/1/0721/1086/6744/files/1B0D740F-63EF-4255-823C-5C689D7FEC46.jpg?v=1701746198 | https://cdn.shopify.com/s/files/1/0721/1086/6744/files/1F32D0DE-EDF4-4CB6-8B6D-77040DE3350C.jpg?v=1701746198 | https://cdn.shopify.com/s/files/1/0721/1086/6744/files/0095806B-0D39-4311-BCF5-169AF53EA8BF.jpg?v=1701746197,|  |  |  |  |  |  |,"{""tags"":[""abstract art"",""barware"",""christmas gift"",""coaster"",""coasters"",""drink coasters"",""fluid art"",""hand painted"",""home decor"",""hostess gift"",""housewarming"",""lisa marie"",""luxury"",""mothers day"",""pink"",""resin art"",""White""],""vendor"":""Artist Lisa Marie"",""productType"":""Coasters""}",,,https://artistlisamarie.com/products/shimmering-blush-pink-coasters-set-of-4,2026-07-08T05:35:29.144Z,2026-07-08T05:35:29.144Z,7fe330426a6b3b8c
artist-lisa-marie,resin,8878717305144,"Hand-Painted Ceramic Mug, Colorful Custom Mug, Alcohol Ink Mug",hand-painted-ceramic-mug-colorful-custom-mug-alcohol-ink-mug-7,Mug,,"One-of-a-kind, hand-painted ceramic mug made with high-quality alcohol inks. Finished with many layers of an epoxy-free, water-based, FDA compliant sealer for waterproofing, UV protection and added shine. This large 18 oz beautiful ceramic mug is perfect for hot or cold drinks. CARE It is recommended to gently hand-wash your alcohol ink mug. Never place this hand-painted mug in the dishwasher or microwave.",35,35,INR,TRUE,,,,out_of_stock,,https://cdn.shopify.com/s/files/1/0721/1086/6744/files/78B261AB-300F-4DF9-8B27-C8460F9B877C.jpg?v=1701264156 | https://cdn.shopify.com/s/files/1/0721/1086/6744/files/42C99AD2-EDAE-46E6-8860-3767E25F4848.jpg?v=1701264155,|,"{""tags"":[""alcohol ink"",""blue"",""ceramic mug"",""christmas gift"",""drinkware"",""gift"",""gold"",""hand painted"",""hostess gift"",""lisa marie"",""mug""],""vendor"":""Artist Lisa Marie"",""productType"":""Mug""}",,,https://artistlisamarie.com/products/hand-painted-ceramic-mug-colorful-custom-mug-alcohol-ink-mug-7,2026-07-08T05:35:29.144Z,2026-07-08T05:35:29.144Z,af36947a87124293
artist-lisa-marie,resin,8873824354616,"Hand-Painted Ceramic Mug, Colorful Custom Mug, Alcohol Ink Mug",hand-painted-ceramic-mug-colorful-custom-mug-alcohol-ink-mug-5,Mug,,"One-of-a-kind, hand-painted ceramic mug made with high-quality alcohol inks. Finished with many layers of an epoxy-free, water-based, FDA compliant sealer for waterproofing, UV protection and added shine. This large 18 oz beautiful ceramic mug is perfect for hot or cold drinks. CARE It is recommended to gently hand-wash your alcohol ink mug. Never place this hand-painted mug in the dishwasher or microwave.",35,35,INR,TRUE,,,,active,,https://cdn.shopify.com/s/files/1/0721/1086/6744/files/AF0B5374-6945-41E6-8B25-6B6CCADF887A.jpg?v=1701024611 | https://cdn.shopify.com/s/files/1/0721/1086/6744/files/141A1D18-0C87-41CD-8DAA-4905EC17CF60.jpg?v=1701024611 | https://cdn.shopify.com/s/files/1/0721/1086/6744/files/6C95D35F-71E3-401C-9068-B286FB12223C.jpg?v=1701024612 | https://cdn.shopify.com/s/files/1/0721/1086/6744/files/9C00848C-B944-43BF-8DE9-629AD5A6355B.jpg?v=1701024611 | https://cdn.shopify.com/s/files/1/0721/1086/6744/files/6F80104E-1521-47BA-B0D1-503108162DD7.jpg?v=1701024612 | https://cdn.shopify.com/s/files/1/0721/1086/6744/files/6639D9C2-6CCC-4237-9EBC-A9CE70B840C9.jpg?v=1701024611,|  |  |  |  |,"{""tags"":[""alcohol ink"",""black"",""ceramic mug"",""christmas gift"",""drinkware"",""gift"",""gold"",""hand painted"",""hostess gift"",""lisa marie"",""mug""],""vendor"":""Artist Lisa Marie"",""productType"":""Mug""}",,,https://artistlisamarie.com/products/hand-painted-ceramic-mug-colorful-custom-mug-alcohol-ink-mug-5,2026-07-08T05:35:29.144Z,2026-07-08T05:35:29.144Z,50a6f58abaf4c59c
artist-lisa-marie,resin,8869608390968,"Hand-Painted Ceramic Mug, Colorful Custom Mug, Alcohol Ink Mug",hand-painted-ceramic-mug-colorful-custom-mug-alcohol-ink-mug-6,Mug,,"One-of-a-kind, hand-painted ceramic mug made with high-quality alcohol inks. Finished with many layers of an epoxy-free, water-based, FDA compliant sealer for waterproofing, UV protection and added shine. This large 18 oz beautiful ceramic mug is perfect for hot or cold drinks. CARE It is recommended to gently hand-wash your alcohol ink mug. Never place this hand-painted mug in the dishwasher or microwave.",35,35,INR,TRUE,,,,out_of_stock,,https://cdn.shopify.com/s/files/1/0721/1086/6744/files/92A9051C-28D0-4A36-B25B-8C1033B24303.jpg?v=1700857889 | https://cdn.shopify.com/s/files/1/0721/1086/6744/files/0F68A938-16B4-43CE-BC41-28F33DA246A4.jpg?v=1700857891 | https://cdn.shopify.com/s/files/1/0721/1086/6744/files/C6EF9014-6FE8-4EDE-83F0-A0DD70551C00.jpg?v=1700857890 | https://cdn.shopify.com/s/files/1/0721/1086/6744/files/3B5EE63E-858C-4395-A387-FB070EFFDC3D.jpg?v=1700857890 | https://cdn.shopify.com/s/files/1/0721/1086/6744/files/7B2D0350-4649-4696-A1AC-F5FC255FC78F.jpg?v=1700857890 | https://cdn.shopify.com/s/files/1/0721/1086/6744/files/904D5886-2FD0-4E87-8D9F-995CABD5CD58.jpg?v=1700857890,|  |  |  |  |,"{""tags"":[""alcohol ink"",""ceramic mug"",""christmas gift"",""drinkware"",""Functional Art"",""gift"",""gold"",""hand painted"",""hostess gift"",""housewarming"",""lisa marie"",""mothers day"",""mug"",""pink""],""vendor"":""Artist Lisa Marie"",""productType"":""Mug""}",,,https://artistlisamarie.com/products/hand-painted-ceramic-mug-colorful-custom-mug-alcohol-ink-mug-6,2026-07-08T05:35:29.144Z,2026-07-08T05:35:29.144Z,0782894152235a81
artist-lisa-marie,resin,8869542756664,"Hand-Painted Ceramic Mug, Colorful Custom Mug, Alcohol Ink Mug",hand-painted-ceramic-mug-colorful-custom-mug-alcohol-ink-mug-4,Mug,,"One-of-a-kind, hand-painted ceramic mug made with high-quality alcohol inks. Finished with many layers of an epoxy-free, water-based, FDA compliant sealer for waterproofing, UV protection and added shine. This large 18 oz beautiful ceramic mug is perfect for hot or cold drinks. CARE It is recommended to gently hand-wash your alcohol ink mug. Never place this hand-painted mug in the dishwasher or microwave.",35,35,INR,TRUE,,,,out_of_stock,,https://cdn.shopify.com/s/files/1/0721/1086/6744/files/4F5694D7-9AB5-4365-ADD6-07C153A7996D.jpg?v=1700856090 | https://cdn.shopify.com/s/files/1/0721/1086/6744/files/B5A3D904-AB43-438E-A90B-1C8E0EBA9F5C.jpg?v=1700856091 | https://cdn.shopify.com/s/files/1/0721/1086/6744/files/3BE4F3B0-1F7F-4313-BFD3-6C1074D47216.jpg?v=1700856090 | https://cdn.shopify.com/s/files/1/0721/1086/6744/files/2B6B6371-3EA8-4A97-9B98-4B9146CDFCF2.jpg?v=1700856090 | https://cdn.shopify.com/s/files/1/0721/1086/6744/files/6065FA24-6052-4632-AE73-D919C0C50FF7.jpg?v=1700856147 | https://cdn.shopify.com/s/files/1/0721/1086/6744/files/1A69A2DE-6FD1-450B-9560-E1CD9D0AB7C9.jpg?v=1700856147,|  |  |  |  |,"{""tags"":[""alcohol ink"",""ceramic mug"",""christmas gift"",""drinkware"",""gift"",""gold"",""green"",""hand painted"",""holiday"",""hostess gift"",""lisa marie"",""luxury"",""mug""],""vendor"":""Artist Lisa Marie"",""productType"":""Mug""}",,,https://artistlisamarie.com/products/hand-painted-ceramic-mug-colorful-custom-mug-alcohol-ink-mug-4,2026-07-08T05:35:29.144Z,2026-07-08T05:35:29.144Z,a432373bb9db1342
artist-lisa-marie,resin,8864735822136,Original Artwork Magnet Set (6),original-artwork-magnet-set-19,magnets,,"Hand-painted alcohol ink artwork sealed under a glass cabochan with heavy-duty rare earth magnet. Magnets make for a wonderful, practical gift for any occasion and this set comes with 6 completely unique miniature pieces of art! Only high-quality inks and sealers, included UV Protection, were used to make this set colorful set. Strong enough to hold paper as thick as three business cards! Ideal for lockers, magnet boards, kitchen, office, laundry room, file cabinets, to-do lists, etc. Each magnet is 1 1/8 inches in diameter. Choking Hazard The magnets are not intended for use by small children and should be kept out of their reach as they could present a choking hazard Shipping Each magnet set will be carefully wrapped and shipped in bubble mailer. Shipping from Clarkston, MI. Care + Cleaning Only the highest quality alcohol inks have been used. Although the alcohol ink art has been sealed with UV Archival Varnish, this product is not recommended for continuous outdoor exposure to UV light. Avoid extreme hot or cold temperatures. Wipe clean with glass cleaner and a microfiber cloth. Do not submerge in water. Please Note Each piece is unique and handcrafted. I take care in presenting the products' true colors, however, colors may appear slight different in photos than they do in real life. Usually the pieces are more vibrant and have more depth than what is shown in the photos. Though I pay incredible attention to detail and only sell finished piece's that I would be proud to own myself, small imperfections may occur due to the nature of working with alcohol inks and glass. If you have any issues with your magnet set, please reach out immediately. My goal is for you to love and cherish your purchased artwork / home decor for many years to come!",14,14,INR,TRUE,,,,active,,https://cdn.shopify.com/s/files/1/0721/1086/6744/files/3E275960-AEF6-4447-A3FA-D4D7F21C89E5.jpg?v=1700509299 | https://cdn.shopify.com/s/files/1/0721/1086/6744/files/B2F23AF8-4D1B-44A8-B24E-4971E01D8323.jpg?v=1700509299 | https://cdn.shopify.com/s/files/1/0721/1086/6744/files/FullSizeRender_836d88c7-0bb9-4800-8979-a8466ed44b3a.heic?v=1700596942,|  |,"{""tags"":[""abstract art"",""alcohol ink"",""art"",""beachdecor"",""Functional Art"",""gift"",""hand painted"",""homedecor"",""hostess gift"",""housewarming"",""lisa marie"",""luxury"",""magnet"",""mothers day"",""painting"",""pink"",""purple""],""vendor"":""Artist Lisa Marie"",""productType"":""magnets""}",,,https://artistlisamarie.com/products/original-artwork-magnet-set-19,2026-07-08T05:35:29.144Z,2026-07-08T05:35:29.144Z,0984dfa3fcd90ce7
artist-lisa-marie,resin,8864735166776,Original Artwork Magnet Set (6),original-artwork-magnet-set-18,magnets,,"Hand-painted alcohol ink artwork sealed under a glass cabochan with heavy-duty rare earth magnet. Magnets make for a wonderful, practical gift for any occasion and this set comes with 6 completely unique miniature pieces of art! Only high-quality inks and sealers, included UV Protection, were used to make this set colorful set. Strong enough to hold paper as thick as three business cards! Ideal for lockers, magnet boards, kitchen, office, laundry room, file cabinets, to-do lists, etc. Each magnet is 1 1/8 inches in diameter. Choking Hazard The magnets are not intended for use by small children and should be kept out of their reach as they could present a choking hazard Shipping Each magnet set will be carefully wrapped and shipped in bubble mailer. Shipping from Clarkston, MI. Care + Cleaning Only the highest quality alcohol inks have been used. Although the alcohol ink art has been sealed with UV Archival Varnish, this product is not recommended for continuous outdoor exposure to UV light. Avoid extreme hot or cold temperatures. Wipe clean with glass cleaner and a microfiber cloth. Do not submerge in water. Please Note Each piece is unique and handcrafted. I take care in presenting the products' true colors, however, colors may appear slight different in photos than they do in real life. Usually the pieces are more vibrant and have more depth than what is shown in the photos. Though I pay incredible attention to detail and only sell finished piece's that I would be proud to own myself, small imperfections may occur due to the nature of working with alcohol inks and glass. If you have any issues with your magnet set, please reach out immediately. My goal is for you to love and cherish your purchased artwork / home decor for many years to come!",14,14,INR,TRUE,,,,active,,https://cdn.shopify.com/s/files/1/0721/1086/6744/files/78A406C9-9AC1-4050-B818-45D84D70212F.jpg?v=1700512846 | https://cdn.shopify.com/s/files/1/0721/1086/6744/files/B89F5824-6C87-43AD-BC19-E0B118C38A5D.jpg?v=1700512845 | https://cdn.shopify.com/s/files/1/0721/1086/6744/files/FullSizeRender_15bb6d3a-42c1-4a5a-a710-588d9f67a7cd.heic?v=1700598445,|  |,"{""tags"":[""abstract art"",""alcohol ink"",""art"",""beachdecor"",""Functional Art"",""gift"",""green"",""hand painted"",""homedecor"",""hostess gift"",""housewarming"",""lisa marie"",""luxury"",""magnet"",""mothers day"",""painting""],""vendor"":""Artist Lisa Marie"",""productType"":""magnets""}",,,https://artistlisamarie.com/products/original-artwork-magnet-set-18,2026-07-08T05:35:29.144Z,2026-07-08T05:35:29.144Z,0486143f9cd2d3c9
artist-lisa-marie,resin,8130958590264,3D Wave Wall Art,3d-wave-wall-art-ombre-wall-decor-abstract-art-sculpted-panel-wall-art,Wall Art,,"3D waves abstract art wall decor. Made with shimmering, pearlescent mica pigments. This piece has heavy-duty sawtooth hardware already installed and is ready to hang. Buyer can select direction of waves before hardware is installed or the hardware can be sent uninstalled. Open frame back allows for the piece to sit perfectly flush on your wall. Dimensions with Frame 17"" L x 17"" W x .75” H Wood Pigments Paint Metal Hardware Care + Cleaning Only the highest quality paint & pigments have been used. Avoid extreme hot or cold temperatures. Wipe with a solution of warm water and mild dish soap using a soft, microfiber cloth. Do not submerge in water. Restore resin's shine with a quality plastic clean & shine spray. Please Note Each piece is unique and handcrafted. I take care in presenting the products' true colors, however, colors may appear slight different in photos than they do in real life. Usually the pieces are more vibrant and have more depth than what is shown in the photos. Though I pay incredible attention to detail and only sell finished piece's that I would be proud to own myself, small imperfections may occur due to the nature of working with wood & paint. If you have any issues with your purchased piece, please reach out immediately. My goal is for you to love and cherish your purchased artwork / home decor for many years to come!",199,199,INR,TRUE,,,,out_of_stock,,https://cdn.shopify.com/s/files/1/0721/1086/6744/products/il_fullxfull.3967373565_51z9.jpg?v=1675828461 | https://cdn.shopify.com/s/files/1/0721/1086/6744/products/il_fullxfull.3967373567_105q.jpg?v=1675828461 | https://cdn.shopify.com/s/files/1/0721/1086/6744/products/il_fullxfull.3967373535_nfno.jpg?v=1675828461 | https://cdn.shopify.com/s/files/1/0721/1086/6744/products/il_fullxfull.3919868134_69qr.jpg?v=1675828461 | https://cdn.shopify.com/s/files/1/0721/1086/6744/products/il_fullxfull.3919868208_g6lg.jpg?v=1675828461 | https://cdn.shopify.com/s/files/1/0721/1086/6744/products/il_fullxfull.3922517872_efk4.jpg?v=1675828461,|  |  |  |  |,"{""tags"":[""3D_art"",""abstract_Art"",""art"",""beach"",""gift"",""housewarming"",""lisa marie"",""lisa_marie"",""nauticaldecor"",""ombré"",""painting"",""wall art"",""wallart"",""waves""],""vendor"":""Artist Lisa Marie"",""productType"":""Wall Art""}",,,https://artistlisamarie.com/products/3d-wave-wall-art-ombre-wall-decor-abstract-art-sculpted-panel-wall-art,2026-07-08T05:35:29.144Z,2026-07-08T05:35:29.144Z,4bdc59623be5c922
artist-lisa-marie,resin,8864730251576,Original Artwork Magnet Set (6),original-artwork-magnet-set-14,magnets,,"Hand-painted alcohol ink artwork sealed under a glass cabochan with heavy-duty rare earth magnet. Magnets make for a wonderful, practical gift for any occasion and this set comes with 6 completely unique miniature pieces of art! Only high-quality inks and sealers, included UV Protection, were used to make this set colorful set. Strong enough to hold paper as thick as three business cards! Ideal for lockers, magnet boards, kitchen, office, laundry room, file cabinets, to-do lists, etc. Each magnet is 1 1/8 inches in diameter. Choking Hazard The magnets are not intended for use by small children and should be kept out of their reach as they could present a choking hazard Shipping Each magnet set will be carefully wrapped and shipped in bubble mailer. Shipping from Clarkston, MI. Care + Cleaning Only the highest quality alcohol inks have been used. Although the alcohol ink art has been sealed with UV Archival Varnish, this product is not recommended for continuous outdoor exposure to UV light. Avoid extreme hot or cold temperatures. Wipe clean with glass cleaner and a microfiber cloth. Do not submerge in water. Please Note Each piece is unique and handcrafted. I take care in presenting the products' true colors, however, colors may appear slight different in photos than they do in real life. Usually the pieces are more vibrant and have more depth than what is shown in the photos. Though I pay incredible attention to detail and only sell finished piece's that I would be proud to own myself, small imperfections may occur due to the nature of working with alcohol inks and glass. If you have any issues with your magnet set, please reach out immediately. My goal is for you to love and cherish your purchased artwork / home decor for many years to come!",14,14,INR,TRUE,,,,active,,https://cdn.shopify.com/s/files/1/0721/1086/6744/files/A47C994C-79C4-4D0A-B1B0-2A189324BA6B.jpg?v=1700508373 | https://cdn.shopify.com/s/files/1/0721/1086/6744/files/DAE808A2-7C84-4AB2-A663-1D92DE77034D.jpg?v=1700508373 | https://cdn.shopify.com/s/files/1/0721/1086/6744/files/FullSizeRender_e2ec6a4d-8877-4621-914a-df87f288d696.heic?v=1700596985,|  |,"{""tags"":[""abstract art"",""alcohol ink"",""art"",""beachdecor"",""christmas"",""christmas decor"",""christmas gift"",""Functional Art"",""hand painted"",""holiday"",""homedecor"",""hostess gift"",""housewarming"",""lisa marie"",""luxury"",""magnet"",""mothers day"",""painting""],""vendor"":""Artist Lisa Marie"",""productType"":""magnets""}",,,https://artistlisamarie.com/products/original-artwork-magnet-set-14,2026-07-08T05:35:29.144Z,2026-07-08T05:35:29.144Z,338b749bdb5a968b
artist-lisa-marie,resin,8864729399608,Original Artwork Magnet Set (6),original-artwork-magnet-set-13,magnets,,"Hand-painted alcohol ink artwork sealed under a glass cabochan with heavy-duty rare earth magnet. Magnets make for a wonderful, practical gift for any occasion and this set comes with 6 completely unique miniature pieces of art! Only high-quality inks and sealers, included UV Protection, were used to make this set colorful set. Strong enough to hold paper as thick as three business cards! Ideal for lockers, magnet boards, kitchen, office, laundry room, file cabinets, to-do lists, etc. Each magnet is 1 1/8 inches in diameter. Choking Hazard The magnets are not intended for use by small children and should be kept out of their reach as they could present a choking hazard Shipping Each magnet set will be carefully wrapped and shipped in bubble mailer. Shipping from Clarkston, MI. Care + Cleaning Only the highest quality alcohol inks have been used. Although the alcohol ink art has been sealed with UV Archival Varnish, this product is not recommended for continuous outdoor exposure to UV light. Avoid extreme hot or cold temperatures. Wipe clean with glass cleaner and a microfiber cloth. Do not submerge in water. Please Note Each piece is unique and handcrafted. I take care in presenting the products' true colors, however, colors may appear slight different in photos than they do in real life. Usually the pieces are more vibrant and have more depth than what is shown in the photos. Though I pay incredible attention to detail and only sell finished piece's that I would be proud to own myself, small imperfections may occur due to the nature of working with alcohol inks and glass. If you have any issues with your magnet set, please reach out immediately. My goal is for you to love and cherish your purchased artwork / home decor for many years to come!",14,14,INR,TRUE,,,,active,,https://cdn.shopify.com/s/files/1/0721/1086/6744/files/F4C6F45A-867B-4C7A-BC78-4A03BFA2D41E.jpg?v=1700508270 | https://cdn.shopify.com/s/files/1/0721/1086/6744/files/66F8A5BA-3BA8-47B0-880F-768BEAD0087A.jpg?v=1700508269 | https://cdn.shopify.com/s/files/1/0721/1086/6744/files/FullSizeRender_214d1a81-7aa3-4cb5-bf9a-49e5865d1977.heic?v=1700596923,|  |,"{""tags"":[""abstract art"",""alcohol ink"",""art"",""beachdecor"",""christmas"",""christmas decor"",""christmas gift"",""Functional Art"",""green"",""hand painted"",""holiday"",""homedecor"",""hostess gift"",""housewarming"",""lisa marie"",""luxury"",""magnet"",""mothers day"",""painting"",""red""],""vendor"":""Artist Lisa Marie"",""productType"":""magnets""}",,,https://artistlisamarie.com/products/original-artwork-magnet-set-13,2026-07-08T05:35:29.144Z,2026-07-08T05:35:29.144Z,beaea401ab40cf09
artist-lisa-marie,resin,8864727793976,Original Artwork Magnet Set (6),original-artwork-magnet-set-12,magnets,,"Hand-painted alcohol ink artwork sealed under a glass cabochan with heavy-duty rare earth magnet. Magnets make for a wonderful, practical gift for any occasion and this set comes with 6 completely unique miniature pieces of art! Only high-quality inks and sealers, included UV Protection, were used to make this set colorful set. Strong enough to hold paper as thick as three business cards! Ideal for lockers, magnet boards, kitchen, office, laundry room, file cabinets, to-do lists, etc. Each magnet is 1 1/8 inches in diameter. Choking Hazard The magnets are not intended for use by small children and should be kept out of their reach as they could present a choking hazard Shipping Each magnet set will be carefully wrapped and shipped in bubble mailer. Shipping from Clarkston, MI. Care + Cleaning Only the highest quality alcohol inks have been used. Although the alcohol ink art has been sealed with UV Archival Varnish, this product is not recommended for continuous outdoor exposure to UV light. Avoid extreme hot or cold temperatures. Wipe clean with glass cleaner and a microfiber cloth. Do not submerge in water. Please Note Each piece is unique and handcrafted. I take care in presenting the products' true colors, however, colors may appear slight different in photos than they do in real life. Usually the pieces are more vibrant and have more depth than what is shown in the photos. Though I pay incredible attention to detail and only sell finished piece's that I would be proud to own myself, small imperfections may occur due to the nature of working with alcohol inks and glass. If you have any issues with your magnet set, please reach out immediately. My goal is for you to love and cherish your purchased artwork / home decor for many years to come!",14,14,INR,TRUE,,,,active,,https://cdn.shopify.com/s/files/1/0721/1086/6744/files/A766EF0D-E0D7-40F4-856B-FC025D9E55F5.jpg?v=1700508138 | https://cdn.shopify.com/s/files/1/0721/1086/6744/files/9B7E1587-E053-4054-A0FD-EA901EDC267A.jpg?v=1700508138 | https://cdn.shopify.com/s/files/1/0721/1086/6744/files/FullSizeRender_dad84e8f-fd40-41aa-aff2-96fa308860aa.heic?v=1700596914,|  |,"{""tags"":[""abstract art"",""alcohol ink"",""art"",""beachdecor"",""christmas decor"",""christmas gift"",""coastal decor"",""Functional Art"",""gift"",""hand painted"",""holiday"",""homedecor"",""hostess gift"",""housewarming"",""lisa marie"",""luxury"",""magnet"",""mothers day"",""painting"",""red""],""vendor"":""Artist Lisa Marie"",""productType"":""magnets""}",,,https://artistlisamarie.com/products/original-artwork-magnet-set-12,2026-07-08T05:35:29.144Z,2026-07-08T05:35:29.144Z,bb2d8255e966ef60
artist-lisa-marie,resin,8863613813048,Original Artwork Magnet Set (6),original-artwork-magnet-set-7,magnets,,"Hand-painted alcohol ink artwork sealed under a glass cabochan with heavy-duty rare earth magnet. Magnets make for a wonderful, practical gift for any occasion and this set comes with 6 completely unique miniature pieces of art! Only high-quality inks and sealers, included UV Protection, were used to make this set colorful set. Strong enough to hold paper as thick as three business cards! Ideal for lockers, magnet boards, kitchen, office, laundry room, file cabinets, to-do lists, etc. Each magnet is 1 1/8 inches in diameter. Choking Hazard The magnets are not intended for use by small children and should be kept out of their reach as they could present a choking hazard Shipping Each magnet set will be carefully wrapped and shipped in bubble mailer. Shipping from Clarkston, MI. Care + Cleaning Only the highest quality alcohol inks have been used. Although the alcohol ink art has been sealed with UV Archival Varnish, this product is not recommended for continuous outdoor exposure to UV light. Avoid extreme hot or cold temperatures. Wipe clean with glass cleaner and a microfiber cloth. Do not submerge in water. Please Note Each piece is unique and handcrafted. I take care in presenting the products' true colors, however, colors may appear slight different in photos than they do in real life. Usually the pieces are more vibrant and have more depth than what is shown in the photos. Though I pay incredible attention to detail and only sell finished piece's that I would be proud to own myself, small imperfections may occur due to the nature of working with alcohol inks and glass. If you have any issues with your magnet set, please reach out immediately. My goal is for you to love and cherish your purchased artwork / home decor for many years to come!",14,14,INR,TRUE,,,,active,,https://cdn.shopify.com/s/files/1/0721/1086/6744/files/61D6EC5F-8C70-48D8-9C7E-D1E32B37918B.jpg?v=1700507708 | https://cdn.shopify.com/s/files/1/0721/1086/6744/files/CAE5ABD6-1ED5-4029-B6A8-F2BAD94C6E45.jpg?v=1700507708 | https://cdn.shopify.com/s/files/1/0721/1086/6744/files/FullSizeRender_b3f7c415-8487-403d-8732-5db09b1823d9.heic?v=1700598582,|  |,"{""tags"":[""abstract art"",""alcohol ink"",""art"",""beachdecor"",""christmas"",""christmas decor"",""christmas gift"",""Functional Art"",""hand painted"",""holiday"",""homedecor"",""hostess gift"",""housewarming"",""lisa marie"",""luxury"",""magnet"",""mothers day"",""painting""],""vendor"":""Artist Lisa Marie"",""productType"":""magnets""}",,,https://artistlisamarie.com/products/original-artwork-magnet-set-7,2026-07-08T05:35:29.144Z,2026-07-08T05:35:29.144Z,cedc87176d176b72
artist-lisa-marie,resin,8857280151864,Holographic Beach Coasters (Set of 4),holographic-beach-coasters-set-of-4,Stone,,"Ocean wave resin art coaster set made with a holographic effect. Handmade with love and one of a kind. Each coaster is unique. Only high-quality epoxy resin and pigments were used. Coaster sets will match the photos as closely as possibly as they are made to order and each coaster is unique :) Coasters are 4 inches in diameter and have a cork backing to protect your table surface from scratches. Shipping The set of 4 will be carefully wrapped in glassine & bubble wrap to protect the resin during shipping. Shipping from Clarkston, MI. Care + Cleaning Only the highest quality resin & pigments have been used. Although resistant to yellowing, this product is not recommended for continuous outdoor exposure to UV light. Avoid extreme hot or cold temperatures. Wipe with a solution of warm water and mild dish soap using a soft, microfiber cloth. Do not submerge in water. Restore resin's shine with a quality plastic clean & shine spray. Please Note Each piece is unique and handcrafted. I take care in presenting the products' true colors, however, colors may appear slight different in photos than they do in real life. Usually the pieces are more vibrant and have more depth than what is shown in the photos. Though I pay incredible attention to detail and only sell finished piece's that I would be proud to own myself, small imperfections may occur due to the nature of working with resin. If you have any issues with your purchased piece, please reach out immediately. My goal is for you to love and cherish your purchased artwork / home decor for many years to come!",40,40,INR,TRUE,,,,out_of_stock,,https://cdn.shopify.com/s/files/1/0721/1086/6744/files/LisaMarie_holographic_coasters_8.jpg?v=1700000537 | https://cdn.shopify.com/s/files/1/0721/1086/6744/files/LisaMarie_holographic_coasters_1.jpg?v=1700000537 | https://cdn.shopify.com/s/files/1/0721/1086/6744/files/LisaMarie_holographic_coasters_10.jpg?v=1700000537 | https://cdn.shopify.com/s/files/1/0721/1086/6744/files/LisaMarie_holographic_coasters_4.jpg?v=1700000537 | https://cdn.shopify.com/s/files/1/0721/1086/6744/files/LisaMarie_holographic_coasters_5.jpg?v=1700000537 | https://cdn.shopify.com/s/files/1/0721/1086/6744/files/LisaMarie_holographic_coasters_6.jpg?v=1700000537 | https://cdn.shopify.com/s/files/1/0721/1086/6744/files/LisaMarie_holographic_coasters_7.jpg?v=1700000537 | https://cdn.shopify.com/s/files/1/0721/1086/6744/files/LisaMarie_holographic_coasters_9.jpg?v=1699998458,|  |  |  |  |  |  |,"{""tags"":[""barware"",""beach"",""beachdecor"",""coaster"",""coasters"",""drink_coasters"",""homedecor"",""lake"",""lakeart"",""lakehouse"",""oceanart"",""oceanwave"",""resinart"",""wavecoasters"",""waves""],""vendor"":""Artist Lisa Marie"",""productType"":""Stone""}",,,https://artistlisamarie.com/products/holographic-beach-coasters-set-of-4,2026-07-08T05:35:29.144Z,2026-07-08T05:35:29.144Z,5eb48475544d4027
artist-lisa-marie,resin,8837257396536,"Hand-Painted Ceramic Mug, Colorful Custom Mug, Alcohol Ink Mug",copy-hand-painted-ceramic-mug-colorful-custom-mug-alcohol-ink-mug,Mug,,"One-of-a-kind, hand-painted ceramic mug made with high-quality alcohol inks. Finished with many layers of an epoxy-free, water-based, FDA compliant sealer for waterproofing, UV protection and added shine. This large 18 oz beautiful ceramic mug is perfect for hot or cold drinks. CARE It is recommended to gently hand-wash your alcohol ink mug. Never place this hand-painted mug in the dishwasher or microwave.",35,35,INR,TRUE,,,,active,,https://cdn.shopify.com/s/files/1/0721/1086/6744/files/BBBCE8CE-29F9-4C14-B9FF-44DF984D6EEE.jpg?v=1699119372 | https://cdn.shopify.com/s/files/1/0721/1086/6744/files/AF5B3A92-EB06-4431-A37D-081306DED39F.jpg?v=1699119372 | https://cdn.shopify.com/s/files/1/0721/1086/6744/files/D996DA60-7A13-4153-8910-F09D1EE4DE99.jpg?v=1699119372,|  |,"{""tags"":[""alcohol ink"",""ceramic mug"",""christmas gift"",""drinkware"",""fluid art"",""gift"",""gold"",""hand painted"",""hostess gift"",""housewarming"",""lisa marie"",""luxury"",""mug"",""purple""],""vendor"":""Artist Lisa Marie"",""productType"":""Mug""}",,,https://artistlisamarie.com/products/copy-hand-painted-ceramic-mug-colorful-custom-mug-alcohol-ink-mug,2026-07-08T05:35:29.144Z,2026-07-08T05:35:29.144Z,01bbf2c53d240c22
artist-lisa-marie,resin,8828452962616,Colorful Hand-Painted Alcohol Ink Tumber,colorful-hand-painted-alcohol-ink-tumber,Tumbler,,"One-of-a-kind tumbler made with the highest-quality alcohol inks, glitter and sealed with an epoxy-free alternative that is FDA compliant. Double-wall vacuum insulated 20 oz. The stainless steel tumbler keeps your drinks hot for 3 hours or cold for 9 hours! Comes with a transparent clear press-down lid. CARE It is recommended to gently hand-wash your tumbler. Do not soak. Tumbler is not microwave or dishwasher-safe, however, the lid can be washed in the dishwasher.",40,40,INR,TRUE,,,,out_of_stock,,https://cdn.shopify.com/s/files/1/0721/1086/6744/files/handpainted_tumbler_2.jpg?v=1698858320 | https://cdn.shopify.com/s/files/1/0721/1086/6744/files/handpainted_tumbler_6.jpg?v=1698858320 | https://cdn.shopify.com/s/files/1/0721/1086/6744/files/handpainted_tumbler_5.jpg?v=1698858320 | https://cdn.shopify.com/s/files/1/0721/1086/6744/files/handpainted_tumbler_3.jpg?v=1698858320 | https://cdn.shopify.com/s/files/1/0721/1086/6744/files/handpainted_tumbler_1.jpg?v=1698858320 | https://cdn.shopify.com/s/files/1/0721/1086/6744/files/handpainted_tumbler_7.jpg?v=1698858298,|  |  |  |  |,"{""tags"":[""alcohol ink"",""barware"",""beach"",""custom"",""drinkware"",""gift"",""hand painted"",""housewarming"",""lisa marie"",""Tumbler""],""vendor"":""Artist Lisa Marie"",""productType"":""Tumbler""}",,,https://artistlisamarie.com/products/colorful-hand-painted-alcohol-ink-tumber,2026-07-08T05:35:29.144Z,2026-07-08T05:35:29.144Z,7b1ff63a78ce63c6
artist-lisa-marie,resin,8828413477176,"Hand-Painted Ceramic Mug, Colorful Custom Mug, Alcohol Ink Mug",hand-painted-ceramic-mug-colorful-custom-mug-alcohol-ink-mug,Mug,,"One-of-a-kind, hand-painted ceramic mug made with high-quality alcohol inks. Finished with many layers of an epoxy-free, water-based, FDA compliant sealer for waterproofing, UV protection and added shine. This large 18 oz beautiful ceramic mug is perfect for hot or cold drinks. CARE It is recommended to gently hand-wash your alcohol ink mug. Never place this hand-painted mug in the dishwasher or microwave.",35,35,INR,TRUE,,,,active,,https://cdn.shopify.com/s/files/1/0721/1086/6744/files/LisaMarie_Custom_Mug_1.jpg?v=1698854269 | https://cdn.shopify.com/s/files/1/0721/1086/6744/files/LisaMarie_Custom_Mug_3.jpg?v=1698854268 | https://cdn.shopify.com/s/files/1/0721/1086/6744/files/LisaMarie_Custom_Mug_5.jpg?v=1698854268 | https://cdn.shopify.com/s/files/1/0721/1086/6744/files/LisaMarie_Custom_Mug_6.jpg?v=1698854267 | https://cdn.shopify.com/s/files/1/0721/1086/6744/files/LisaMarie_Custom_Mug_8.jpg?v=1698854267 | https://cdn.shopify.com/s/files/1/0721/1086/6744/files/LisaMarie_Custom_Mug_9.jpg?v=1698854268 | https://cdn.shopify.com/s/files/1/0721/1086/6744/files/LisaMarie_Custom_Mug_2.jpg?v=1698854267 | https://cdn.shopify.com/s/files/1/0721/1086/6744/files/LisaMarie_Custom_Mug_10.jpg?v=1698854269,|  |  |  |  |  |  |,"{""tags"":[""alcohol ink"",""blue"",""ceramic mug"",""drinkware"",""gold"",""hand painted"",""hostess gift"",""lisa marie"",""mothers day"",""mug"",""purple""],""vendor"":""Artist Lisa Marie"",""productType"":""Mug""}",,,https://artistlisamarie.com/products/hand-painted-ceramic-mug-colorful-custom-mug-alcohol-ink-mug,2026-07-08T05:35:29.144Z,2026-07-08T05:35:29.144Z,8705397b9f7e065c
artist-lisa-marie,resin,8775141818680,"Blue, Turquoise & White Ombre Abstract Art Coasters (Set of 2)",copy-blue-white-abstract-art-coasters-set-of-2,Stone,,"Abstract art coaster set, complete with shimmering pigments and three layers of epoxy resin. Handmade with love and one of a kind. Each coaster is unique! Only high-quality epoxy resin and pigments were used. Coasters are 4 inches in diameter and have a cork backing to protect your table surface from scratches. Shipping The set of 2 will be carefully wrapped in glassine & bubble wrap to protect the resin during shipping. Shipping from Clarkston, MI. Care + Cleaning Only the highest quality resin & pigments have been used. Although resistant to yellowing, this product is not recommended for continuous outdoor exposure to UV light. Avoid extreme hot or cold temperatures. Wipe with a solution of warm water and mild dish soap using a soft, microfiber cloth. Do not submerge in water. Restore resin's shine with a quality plastic clean & shine spray. Please Note Each piece is unique and handcrafted. I take care in presenting the products' true colors, however, colors may appear slight different in photos than they do in real life. Usually the pieces are more vibrant and have more depth than what is shown in the photos. Though I pay incredible attention to detail and only sell finished piece's that I would be proud to own myself, small imperfections may occur due to the nature of working with resin. If you have any issues with your purchased piece, please reach out immediately. My goal is for you to love and cherish your purchased artwork / home decor for many years to come!",25,25,INR,TRUE,,,,out_of_stock,,https://cdn.shopify.com/s/files/1/0721/1086/6744/files/42CDA398-C831-4027-9A96-7ACF44274322.jpg?v=1697334257 | https://cdn.shopify.com/s/files/1/0721/1086/6744/files/E0BA2C11-6E8C-46E8-ADA5-E3A77940C8E7.jpg?v=1697334257 | https://cdn.shopify.com/s/files/1/0721/1086/6744/files/74843A22-6E90-4EEE-853E-CEC5338DDC62.jpg?v=1697334257 | https://cdn.shopify.com/s/files/1/0721/1086/6744/files/B8BE612D-695C-465B-8480-6D57D7E0C23E.jpg?v=1697334257 | https://cdn.shopify.com/s/files/1/0721/1086/6744/files/A0909C53-80C9-4953-9391-7873B2E823B6.jpg?v=1697334257 | https://cdn.shopify.com/s/files/1/0721/1086/6744/files/750FF710-5599-41AA-842A-5ECEABFBAB6E.jpg?v=1697334257 | https://cdn.shopify.com/s/files/1/0721/1086/6744/files/F48E58D1-58CE-4A4E-9FAF-6C02F59A5166.jpg?v=1697334257 | https://cdn.shopify.com/s/files/1/0721/1086/6744/files/lisamarie_coaster_back_f5d1af01-a0ce-4fa6-8ba5-2339ac6f8f8f.jpg?v=1697334257,|  |  |  |  |  |  |,"{""tags"":[""abstract art"",""barware"",""beach decor"",""blue"",""coaster"",""drink coasters"",""fluid art"",""gift"",""home decor"",""housewarming"",""lake house"",""lisa marie"",""resin art""],""vendor"":""Artist Lisa Marie"",""productType"":""Stone""}",,,https://artistlisamarie.com/products/copy-blue-white-abstract-art-coasters-set-of-2,2026-07-08T05:35:29.144Z,2026-07-08T05:35:29.144Z,1d883526e2e02274
artist-lisa-marie,resin,8766051123512,Ocean Blue X-Large Wave Magnet,shimmering-blue-ocean-x-large-wave-magnet-1,"paint,wood,resin,cork,magnet",,"Ocean wave resin art on bamboo wood. Handmade with love and one of a kind. Each magnet is unique. Only high-quality epoxy resin and pigments were used and each piece features a heavy duty magnet. The magnet is 3 3/4 inches in diameter. Shipping Each magnet will be carefully wrapped in glassine & bubble wrap to protect the resin during shipping. Shipping from Clarkston, MI. Care + Cleaning Only the highest quality resin & pigments have been used. Although resistant to yellowing, this product is not recommended for continuous outdoor exposure to UV light. Avoid extreme hot or cold temperatures. Wipe with a solution of warm water and mild dish soap using a soft, microfiber cloth. Do not submerge in water. Restore resin's shine with a quality plastic clean & shine spray. Please Note Each piece is unique and handcrafted. I take care in presenting the products' true colors, however, colors may appear slight different in photos than they do in real life. Usually the pieces are more vibrant and have more depth than what is shown in the photos. Though I pay incredible attention to detail and only sell finished piece's that I would be proud to own myself, small imperfections may occur due to the nature of working with resin. If you have any issues with your purchased piece, please reach out immediately. My goal is for you to love and cherish your purchased artwork / home decor for many years to come!",15,15,INR,TRUE,,,,active,,https://cdn.shopify.com/s/files/1/0721/1086/6744/files/lisamarie_oceanmagnet_6.jpg?v=1696978400 | https://cdn.shopify.com/s/files/1/0721/1086/6744/files/lisamarie_sunset_magent_1_3_492f9929-bf06-42f5-bc3c-74c72eb350a3.jpg?v=1696978400,|,"{""tags"":[""beachdecor"",""beachmagnet"",""homedecor"",""lake"",""lakeart"",""lakehouse"",""lisa_marie"",""magnet"",""ocean_magnet"",""oceanart"",""oceanmagnet"",""oceanwave"",""resin_magnet""],""vendor"":""Artist Lisa Marie"",""productType"":""paint,wood,resin,cork,magnet""}",,,https://artistlisamarie.com/products/shimmering-blue-ocean-x-large-wave-magnet-1,2026-07-08T05:35:29.144Z,2026-07-08T05:35:29.144Z,2a3fbeaad2ffc20d
artist-lisa-marie,resin,8766047551800,Sparkling Turquoise Ocean X-Large Wave Magnet,shimmering-turquoise-and-blue-ocean-x-large-wave-magnet,"paint,wood,resin,cork,magnet",,"Ocean wave resin art on bamboo wood. Handmade with love and one of a kind. Each magnet is unique. Only high-quality epoxy resin and pigments were used and each piece features a heavy duty magnet. The magnet is 3 3/4 inches in diameter. Shipping Each magnet will be carefully wrapped in glassine & bubble wrap to protect the resin during shipping. Shipping from Clarkston, MI. Care + Cleaning Only the highest quality resin & pigments have been used. Although resistant to yellowing, this product is not recommended for continuous outdoor exposure to UV light. Avoid extreme hot or cold temperatures. Wipe with a solution of warm water and mild dish soap using a soft, microfiber cloth. Do not submerge in water. Restore resin's shine with a quality plastic clean & shine spray. Please Note Each piece is unique and handcrafted. I take care in presenting the products' true colors, however, colors may appear slight different in photos than they do in real life. Usually the pieces are more vibrant and have more depth than what is shown in the photos. Though I pay incredible attention to detail and only sell finished piece's that I would be proud to own myself, small imperfections may occur due to the nature of working with resin. If you have any issues with your purchased piece, please reach out immediately. My goal is for you to love and cherish your purchased artwork / home decor for many years to come!",15,15,INR,TRUE,,,,active,,https://cdn.shopify.com/s/files/1/0721/1086/6744/files/lisamarie_oceanmagnet_2.jpg?v=1696979986 | https://cdn.shopify.com/s/files/1/0721/1086/6744/files/lisamarie_sunset_magent_1_3_64fb5881-2271-4fca-911f-b4cd5012703d.jpg?v=1696979986,|,"{""tags"":[""beachdecor"",""beachmagnet"",""homedecor"",""lake"",""lakeart"",""lakehouse"",""lisa_marie"",""magnet"",""ocean_magnet"",""oceanart"",""oceanmagnet"",""oceanwave"",""resin_magnet""],""vendor"":""Artist Lisa Marie"",""productType"":""paint,wood,resin,cork,magnet""}",,,https://artistlisamarie.com/products/shimmering-turquoise-and-blue-ocean-x-large-wave-magnet,2026-07-08T05:35:29.144Z,2026-07-08T05:35:29.144Z,54a6d618fe902ff2
artist-lisa-marie,resin,8746902782264,"Red, Pink, Yellow, Gold and White Coasters (Set of 4)",red-pink-yellow-gold-and-white-coasters-set-of-4,Coasters,,"Hand-Painted alcohol ink & resin coaster set made with vibrant, high-quality alcohol inks. Handmade with love and one of a kind. Each coaster is unique. Only high-quality epoxy resin and pigments were used. Coasters are 4 inches in diameter and have a cork backing to protect your table surface from scratches. Shipping The set of 4 will be carefully wrapped in glassine & bubble wrap to protect the resin during shipping. Shipping from Clarkston, MI. Care + Cleaning Only the highest quality resin & pigments have been used. Although resistant to yellowing, this product is not recommended for continuous outdoor exposure to UV light. Avoid extremely hot or cold temperatures. Wipe with a solution of warm water and mild dish soap using a soft, microfiber cloth. Do not submerge in water. Restore resin's shine with a quality plastic clean & shine spray. Please Note Each piece is unique and handcrafted. I take care in presenting the products' true colors, however, colors may appear slightly different in photos than they do in real life. Usually, the pieces are more vibrant and have more depth than what is shown in the photos. Though I pay incredible attention to detail and only sell finished piece's that I would be proud to own myself, small imperfections may occur due to the nature of working with resin. If you have any issues with your purchased piece, please reach out immediately. My goal is for you to love and cherish your purchased artwork/home decor for many years to come!",40,40,INR,TRUE,,,,active,,https://cdn.shopify.com/s/files/1/0721/1086/6744/files/lisamarie_coasters_1.png?v=1696270943 | https://cdn.shopify.com/s/files/1/0721/1086/6744/files/lisamarie_coasters_2.png?v=1696270943 | https://cdn.shopify.com/s/files/1/0721/1086/6744/files/lisamarie_coasters_3.png?v=1696270942 | https://cdn.shopify.com/s/files/1/0721/1086/6744/files/lisamarie_coasters_4.png?v=1696270944 | https://cdn.shopify.com/s/files/1/0721/1086/6744/files/lisamarie_coasters_5.png?v=1696270943 | https://cdn.shopify.com/s/files/1/0721/1086/6744/files/lisamarie_coasters_6.png?v=1696270944 | https://cdn.shopify.com/s/files/1/0721/1086/6744/files/lisamarie_coasters_7.png?v=1696270942 | https://cdn.shopify.com/s/files/1/0721/1086/6744/files/lisamarie_coasters_8.png?v=1696270944,|  |  |  |  |  |  |,"{""tags"":[""abstract art"",""alcohol ink"",""barware"",""christmas gift"",""coaster"",""drink coasters"",""gift"",""gold"",""home decor"",""hostess gift"",""lisa marie"",""resin art""],""vendor"":""Artist Lisa Marie"",""productType"":""Coasters""}",,,https://artistlisamarie.com/products/red-pink-yellow-gold-and-white-coasters-set-of-4,2026-07-08T05:35:29.144Z,2026-07-08T05:35:29.144Z,9b2248514f56cdff
artist-lisa-marie,resin,8582456672568,Jewel Tones and Gold Coasters (Set of 4),jewel-tones-and-gold-coasters-set-of-4,Coasters,,"Alcohol ink & resin coaster set made with vibrant, high-quality alcohol inks. Handmade with love and one of a kind. Each coaster is unique. Only high-quality epoxy resin and pigments were used. Coasters are 4.25 inches across at their widest point and have a cork backing to protect your table surface from scratches. Shipping The set of 4 will be carefully wrapped in glassine & bubble wrap to protect the resin during shipping. Shipping from Clarkston, MI. Care + Cleaning Only the highest quality resin & pigments have been used. Although resistant to yellowing, this product is not recommended for continuous outdoor exposure to UV light. Avoid extremely hot or cold temperatures. Wipe with a solution of warm water and mild dish soap using a soft, microfiber cloth. Do not submerge in water. Restore resin's shine with a quality plastic clean & shine spray. Please Note Each piece is unique and handcrafted. I take care in presenting the products' true colors, however, colors may appear slightly different in photos than they do in real life. Usually, the pieces are more vibrant and have more depth than what is shown in the photos. Though I pay incredible attention to detail and only sell finished piece's that I would be proud to own myself, small imperfections may occur due to the nature of working with resin. If you have any issues with your purchased piece, please reach out immediately. My goal is for you to love and cherish your purchased artwork/home decor for many years to come!",40,40,INR,TRUE,,,,out_of_stock,,https://cdn.shopify.com/s/files/1/0721/1086/6744/files/LisaMarie_Jeweltoned_Coasters_1.jpg?v=1692815779 | https://cdn.shopify.com/s/files/1/0721/1086/6744/files/LisaMarie_Jeweltoned_Coasters_2.jpg?v=1692815779 | https://cdn.shopify.com/s/files/1/0721/1086/6744/files/LisaMarie_Jeweltoned_Coasters_7.jpg?v=1692815779 | https://cdn.shopify.com/s/files/1/0721/1086/6744/files/LisaMarie_Jeweltoned_Coasters_8.jpg?v=1692815779 | https://cdn.shopify.com/s/files/1/0721/1086/6744/files/LisaMarie_Jeweltoned_Coasters_9.jpg?v=1692815779 | https://cdn.shopify.com/s/files/1/0721/1086/6744/files/LisaMarie_Jeweltoned_Coasters_10.jpg?v=1692815779 | https://cdn.shopify.com/s/files/1/0721/1086/6744/files/LisaMarie_Jeweltoned_Coasters_3.jpg?v=1692815779 | https://cdn.shopify.com/s/files/1/0721/1086/6744/files/LisaMarie_Jeweltoned_Coasters_4.jpg?v=1692815779 | https://cdn.shopify.com/s/files/1/0721/1086/6744/files/LisaMarie_Jeweltoned_Coasters_5.jpg?v=1692815779 | https://cdn.shopify.com/s/files/1/0721/1086/6744/files/LisaMarie_Jeweltoned_Coasters_6.jpg?v=1692815779 | https://cdn.shopify.com/s/files/1/0721/1086/6744/files/image_a80bb5bb-8740-4184-ae1a-9b827fe4c9b6.jpg?v=1692815779,|  |  |  |  |  |  |  |  |  |,"{""tags"":[""abstract art"",""alcohol ink"",""barware"",""christmas gift"",""coaster"",""drink coasters"",""gift"",""gold"",""hexagon"",""home decor"",""hostess gift"",""lisa marie"",""mothers day"",""resin art""],""vendor"":""Artist Lisa Marie"",""productType"":""Coasters""}",,,https://artistlisamarie.com/products/jewel-tones-and-gold-coasters-set-of-4,2026-07-08T05:35:29.144Z,2026-07-08T05:35:29.144Z,0c3a4c27d7e114f8
artist-lisa-marie,resin,8469086863672,Rose Gold Ocean X-Large Wave Magnet,rose-gold-ocean-x-large-wave-magnet,"paint,wood,resin,cork,magnet",,"Ocean wave resin art on bamboo wood. Handmade with love and one of a kind. Each magnet is unique. Only high-quality epoxy resin and pigments were used and each piece features a heavy duty magnet. The magnet is 3 3/4 inches in diameter. Shipping Each magnet will be carefully wrapped in glassine & bubble wrap to protect the resin during shipping. Shipping from Clarkston, MI. Care + Cleaning Only the highest quality resin & pigments have been used. Although resistant to yellowing, this product is not recommended for continuous outdoor exposure to UV light. Avoid extreme hot or cold temperatures. Wipe with a solution of warm water and mild dish soap using a soft, microfiber cloth. Do not submerge in water. Restore resin's shine with a quality plastic clean & shine spray. Please Note Each piece is unique and handcrafted. I take care in presenting the products' true colors, however, colors may appear slight different in photos than they do in real life. Usually the pieces are more vibrant and have more depth than what is shown in the photos. Though I pay incredible attention to detail and only sell finished piece's that I would be proud to own myself, small imperfections may occur due to the nature of working with resin. If you have any issues with your purchased piece, please reach out immediately. My goal is for you to love and cherish your purchased artwork / home decor for many years to come!",15,15,INR,TRUE,,,,active,,https://cdn.shopify.com/s/files/1/0721/1086/6744/files/rosegold_magnet_1.png?v=1690251429 | https://cdn.shopify.com/s/files/1/0721/1086/6744/files/rosegold_magnet_1_2.png?v=1690251430 | https://cdn.shopify.com/s/files/1/0721/1086/6744/files/lisamarie_sunset_magent_1_3_43db3925-0ae4-4b79-b457-37e8f06d1bc3.jpg?v=1690251586,|  |,"{""tags"":[""beach decor"",""christmas gift"",""gift"",""home decor"",""hostess gift"",""lake"",""lake art"",""lake house"",""lisa marie"",""magnet"",""ocean magnet"",""oceanart"",""resin magnet"",""rose gold""],""vendor"":""Artist Lisa Marie"",""productType"":""paint,wood,resin,cork,magnet""}",,,https://artistlisamarie.com/products/rose-gold-ocean-x-large-wave-magnet,2026-07-08T05:35:29.144Z,2026-07-08T05:35:29.144Z,3bfe7dbeb4839491
artist-lisa-marie,resin,8264194982200,Sparkling Silver Ocean Beach Coasters (Set of 4),sparkling-silver-ocean-beach-coasters-set-of-4,,,"Ocean wave resin art coaster set made with shimmering mica pigments. Handmade with love and one of a kind. Each coaster is unique. Only high-quality epoxy resin and pigments were used. Coasters are 4 inches in diameter and have a cork backing to protect your table surface from scratches. Shipping The set of 4 will be carefully wrapped in glassine & bubble wrap to protect the resin during shipping. Shipping from Clarkston, MI. Care + Cleaning Only the highest quality resin & pigments have been used. Although resistant to yellowing, this product is not recommended for continuous outdoor exposure to UV light. Avoid extremely hot or cold temperatures. Wipe with a solution of warm water and mild dish soap using a soft, microfiber cloth. Do not submerge in water. Restore resin's shine with a quality plastic clean & shine spray. Please Note Each piece is unique and handcrafted. I take care in presenting the products' true colors, however, colors may appear slightly different in photos than they do in real life. Usually, the pieces are more vibrant and have more depth than what is shown in the photos. Though I pay incredible attention to detail and only sell finished piece's that I would be proud to own myself, small imperfections may occur due to the nature of working with resin. If you have any issues with your purchased piece, please reach out immediately. My goal is for you to love and cherish your purchased artwork/home decor for many years to come!",50,50,INR,TRUE,,,,out_of_stock,,https://cdn.shopify.com/s/files/1/0721/1086/6744/products/image_62f02d4e-ff18-4cc9-b80f-b7658b7c56d6.jpg?v=1682133181 | https://cdn.shopify.com/s/files/1/0721/1086/6744/products/image_24caddd1-7ebc-4168-bb59-8d615851e43b.jpg?v=1682133191 | https://cdn.shopify.com/s/files/1/0721/1086/6744/products/image_ce1407cc-49ac-4cc0-9e3a-ec1172ad19b8.jpg?v=1682133229 | https://cdn.shopify.com/s/files/1/0721/1086/6744/products/image_4b57422f-8902-42dc-8568-7e353eb00774.jpg?v=1682133256 | https://cdn.shopify.com/s/files/1/0721/1086/6744/products/image_2d0b73f1-3da4-414b-9cdd-a1bc85be387f.jpg?v=1682133275 | https://cdn.shopify.com/s/files/1/0721/1086/6744/products/image_5701cb1e-3335-4ccb-bd15-8835493d928f.jpg?v=1682133295,|  |  |  |  |,"{""tags"":[""barware"",""beach"",""beach decor"",""coaster"",""coasters"",""home decor"",""lake"",""lake art"",""lake house"",""lisa marie"",""ocean wave"",""resin art"",""silver"",""wave coasters"",""waves""],""vendor"":""Artist Lisa Marie"",""productType"":""""}",,,https://artistlisamarie.com/products/sparkling-silver-ocean-beach-coasters-set-of-4,2026-07-08T05:35:29.144Z,2026-07-08T05:35:29.144Z,33ecfe606ea39904
artist-lisa-marie,resin,8260708663608,Sparkling Blue and Turquoise Tumbler,sparkling-blue-and-turquoise-tumbler,Tumbler,,"One-of-a-kind tumbler made with the highest-quality alcohol inks, holographic glitter and food-safe resin. Double-wall vacuum insulated 20 oz. The stainless steel tumbler keeps your drinks hot for 3 hours or cold for 9 hours! Comes with a transparent clear press-down lid. CARE It is recommended to hand-wash your tumbler. Your tumbler is not microwave or dishwasher-safe, however, the lid can be washed in the dishwasher.",40,40,INR,TRUE,,,,out_of_stock,,https://cdn.shopify.com/s/files/1/0721/1086/6744/products/image_7e9130e9-4e20-4e61-bfda-1f0393393748.jpg?v=1681946875 | https://cdn.shopify.com/s/files/1/0721/1086/6744/products/image_591b0e7d-ab3f-4364-8318-95ac2d906432.jpg?v=1681946892 | https://cdn.shopify.com/s/files/1/0721/1086/6744/products/image_c45539f0-e210-454e-afe8-d540a2737dd6.jpg?v=1681946944 | https://cdn.shopify.com/s/files/1/0721/1086/6744/products/image_c0ac33c1-2903-4e04-9ab2-96c20e79214e.jpg?v=1681946957 | https://cdn.shopify.com/s/files/1/0721/1086/6744/products/image_e74ada7d-f3f9-42be-b798-06b99ba07fab.jpg?v=1681946980 | https://cdn.shopify.com/s/files/1/0721/1086/6744/products/image_806986a9-5c08-4e3a-86a0-ebcdb20e2a64.jpg?v=1681947005,|  |  |  |  |,"{""tags"":[""alcohol ink"",""barware"",""blue"",""chakra"",""drinkware"",""lisa marie"",""ombre"",""Tumbler"",""turquoise""],""vendor"":""Artist Lisa Marie"",""productType"":""Tumbler""}",,,https://artistlisamarie.com/products/sparkling-blue-and-turquoise-tumbler,2026-07-08T05:35:29.144Z,2026-07-08T05:35:29.144Z,e58dba8c9488fe57
artist-lisa-marie,resin,8253018407224,Turquoise Tumbler,turquoise-tumbler,Tumbler,,"One-of-a-kind tumbler made with the highest-quality alcohol inks and gold details. The artwork is triple-sealed to prevent scratches or fading and includes UV protection. Double-wall vacuum insulated 20 oz. The stainless steel tumbler keeps your drinks hot for 3 hours or cold for 9 hours! Comes with a transparent clear press-down lid. The reusable glass straw is 8.5 in x10 mm. Large enough for smoothies! 1.8 mm thick glass. BPA-free and shatterproof. The straw is microwave, oven, freezer, and dishwasher-safe! Includes a cleaning brush for your reusable straw. RAISE YOUR VIBRATION Color therapy is a great way to dig into the subtle energies of the chakras. CARE It is recommended to hand-wash your tumbler. Your tumbler is not microwave or dishwasher-safe, however, the lid and straw can be washed in the dishwasher.",40,40,INR,TRUE,,,,out_of_stock,,https://cdn.shopify.com/s/files/1/0721/1086/6744/products/lisamarie_tumbler_turquoise_1_1.jpg?v=1681530953 | https://cdn.shopify.com/s/files/1/0721/1086/6744/products/APC_5977.jpg?v=1681530954 | https://cdn.shopify.com/s/files/1/0721/1086/6744/products/APC_5970.jpg?v=1681530954 | https://cdn.shopify.com/s/files/1/0721/1086/6744/products/APC_5963.jpg?v=1681530965 | https://cdn.shopify.com/s/files/1/0721/1086/6744/products/APC_5965.jpg?v=1681530965,|  |  |  |,"{""tags"":[""alcohol ink"",""barware"",""blue"",""chakra"",""drinkware"",""lisa marie"",""mothers day"",""ombre"",""Tumbler"",""turquoise""],""vendor"":""Artist Lisa Marie"",""productType"":""Tumbler""}",,,https://artistlisamarie.com/products/turquoise-tumbler,2026-07-08T05:35:29.144Z,2026-07-08T05:35:29.144Z,b556b9d37265745a
artist-lisa-marie,resin,8252479308088,Ocean Wave Charcuterie Board,ocean-wave-charcuterie-board-3,Cutting Board,,"Rubberwood charcuterie board, complete with silvery gray ocean waves. Perfect for adding a touch of the ocean to your home! Non-Slip rubber feet injected into wood provide a non-slip base. Wood has been protected with food-grade mineral oil. Though this is also a cutting board, it is better used as a serving board. If used as a cutting board, avoid cutting over the resin as it will leave scratches. Comes with a 2 oz food-grade cutting board oil care kit. Dimensions 11"" L x 14"" W x .75"" H Wood Pigments Rubber Care + Cleaning Only the highest quality resin & pigments have been used. Although resistant to yellowing, this product is not recommended for continuous outdoor exposure to UV light. Avoid extremely hot or cold temperatures. Wipe with a solution of warm water and mild dish soap using a soft, microfiber cloth. Do not submerge in water. Restore resin's shine with a quality plastic clean & shine spray. Please Note Each piece is unique and handcrafted. I take care in presenting the products' true colors, however, colors may appear slightly different in photos than they do in real life. Usually, the pieces are more vibrant and have more depth than what is shown in the photos. Though I pay incredible attention to detail and only sell finished piece's that I would be proud to own myself, small imperfections may occur due to the nature of working with resin. If you have any issues with your purchased piece, please reach out immediately. My goal is for you to love and cherish your purchased artwork/home decor for many years to come!",75,75,INR,TRUE,,,,out_of_stock,,https://cdn.shopify.com/s/files/1/0721/1086/6744/products/APC_5984.jpg?v=1681495280 | https://cdn.shopify.com/s/files/1/0721/1086/6744/products/APC_5986.jpg?v=1681495280 | https://cdn.shopify.com/s/files/1/0721/1086/6744/products/APC_5985.jpg?v=1681495280 | https://cdn.shopify.com/s/files/1/0721/1086/6744/products/APC_5983.jpg?v=1681495280 | https://cdn.shopify.com/s/files/1/0721/1086/6744/products/cutting_board_oil_eecc9487-a880-405d-a925-2d3c58dc9254.jpg?v=1681495280 | https://cdn.shopify.com/s/files/1/0721/1086/6744/products/lisamarie_rubberwood_1_8_629757cc-9d02-4276-bda8-5ee77ceae50e.jpg?v=1681495280,|  |  |  |  |,"{""tags"":[""beach"",""beach decor"",""beach house"",""blue"",""board"",""charcuterie"",""cutting board"",""gift"",""gray"",""mothers day"",""nautical"",""ocean art"",""ocean board"",""ocean tray"",""rubberwood"",""serving tray"",""silver"",""waves""],""vendor"":""Artist Lisa Marie"",""productType"":""Cutting Board""}",,,https://artistlisamarie.com/products/ocean-wave-charcuterie-board-3,2026-07-08T05:35:29.144Z,2026-07-08T05:35:29.144Z,37d625520c3773af
artist-lisa-marie,resin,8252464791864,Ocean Wave Charcuterie Board,ocean-wave-charcuterie-board-2,Cutting Board,,"Rubberwood charcuterie board, complete with silky turquoise ocean waves. Perfect for adding a touch of the ocean to your home! Non-Slip rubber feet injected into wood provide a non-slip base. Wood has been protected with food-grade mineral oil. Though this is also a cutting board, it is better used as a serving board. If used as a cutting board, avoid cutting over the resin as it will leave scratches. Comes with a 2 oz food-grade cutting board oil care kit. Dimensions 11"" L x 14"" W x .75"" H Wood Pigments Rubber Care + Cleaning Only the highest quality resin & pigments have been used. Although resistant to yellowing, this product is not recommended for continuous outdoor exposure to UV light. Avoid extremely hot or cold temperatures. Wipe with a solution of warm water and mild dish soap using a soft, microfiber cloth. Do not submerge in water. Restore resin's shine with a quality plastic clean & shine spray. Please Note Each piece is unique and handcrafted. I take care in presenting the products' true colors, however, colors may appear slightly different in photos than they do in real life. Usually, the pieces are more vibrant and have more depth than what is shown in the photos. Though I pay incredible attention to detail and only sell finished piece's that I would be proud to own myself, small imperfections may occur due to the nature of working with resin. If you have any issues with your purchased piece, please reach out immediately. My goal is for you to love and cherish your purchased artwork/home decor for many years to come!",75,75,INR,TRUE,,,,out_of_stock,,https://cdn.shopify.com/s/files/1/0721/1086/6744/products/lisamarie_rubberwood_3_1.jpg?v=1681494447 | https://cdn.shopify.com/s/files/1/0721/1086/6744/products/lisamarie_rubberwood_3_4.jpg?v=1681494447 | https://cdn.shopify.com/s/files/1/0721/1086/6744/products/lisamarie_rubberwood_3_6.jpg?v=1681494448 | https://cdn.shopify.com/s/files/1/0721/1086/6744/products/lisamarie_rubberwood_3_7.jpg?v=1681494447 | https://cdn.shopify.com/s/files/1/0721/1086/6744/products/lisamarie_rubberwood_3_12.jpg?v=1681494448 | https://cdn.shopify.com/s/files/1/0721/1086/6744/products/lisamarie_rubberwood_3_13.jpg?v=1681494447 | https://cdn.shopify.com/s/files/1/0721/1086/6744/products/lisamarie_rubberwood_1_8_e7562398-3490-4393-b57d-34527de2e7a8.jpg?v=1681494474 | https://cdn.shopify.com/s/files/1/0721/1086/6744/products/cutting_board_oil_7232b888-7824-4234-8057-7722719a6be8.jpg?v=1681494474,|  |  |  |  |  |  |,"{""tags"":[""beach"",""beach decor"",""beach house"",""board"",""charcuterie"",""cutting board"",""gift"",""mothers day"",""nautical"",""ocean art"",""ocean board"",""ocean tray"",""resin_Art"",""rubberwood"",""serving tray"",""turquoise"",""waves""],""vendor"":""Artist Lisa Marie"",""productType"":""Cutting Board""}",,,https://artistlisamarie.com/products/ocean-wave-charcuterie-board-2,2026-07-08T05:35:29.144Z,2026-07-08T05:35:29.144Z,dcb75ae148e8fb26
artist-lisa-marie,resin,8252430647608,Ocean Wave Charcuterie Board,ocean-wave-charcuterie-board,Cutting Board,,"Rubberwood charcuterie board, complete with silky turquoise and blue ocean waves. Perfect for adding a touch of the ocean to your home! Non-Slip rubber feet injected into wood provide a non-slip base. Wood has been protected with food-grade mineral oil. Though this is also a cutting board, it is better used as a serving board. If used as a cutting board, avoid cutting over the resin as it will leave scratches. Comes with a 2 oz food-grade cutting board oil care kit. Dimensions 11"" L x 14"" W x .75"" H Wood Pigments Rubber Care + Cleaning Only the highest quality resin & pigments have been used. Although resistant to yellowing, this product is not recommended for continuous outdoor exposure to UV light. Avoid extremely hot or cold temperatures. Wipe with a solution of warm water and mild dish soap using a soft, microfiber cloth. Do not submerge in water. Restore resin's shine with a quality plastic clean & shine spray. Please Note Each piece is unique and handcrafted. I take care in presenting the products' true colors, however, colors may appear slightly different in photos than they do in real life. Usually, the pieces are more vibrant and have more depth than what is shown in the photos. Though I pay incredible attention to detail and only sell finished piece's that I would be proud to own myself, small imperfections may occur due to the nature of working with resin. If you have any issues with your purchased piece, please reach out immediately. My goal is for you to love and cherish your purchased artwork/home decor for many years to come!",75,75,INR,TRUE,,,,out_of_stock,,https://cdn.shopify.com/s/files/1/0721/1086/6744/products/lisamarie_rubberwood_1_1.jpg?v=1681492690 | https://cdn.shopify.com/s/files/1/0721/1086/6744/products/lisamarie_rubberwood_1_2.jpg?v=1681492689 | https://cdn.shopify.com/s/files/1/0721/1086/6744/products/lisamarie_rubberwood_1_3.jpg?v=1681492688 | https://cdn.shopify.com/s/files/1/0721/1086/6744/products/lisamarie_rubberwood_1_4.jpg?v=1681492689 | https://cdn.shopify.com/s/files/1/0721/1086/6744/products/lisamarie_rubberwood_1_5.jpg?v=1681492689 | https://cdn.shopify.com/s/files/1/0721/1086/6744/products/lisamarie_rubberwood_1_6.jpg?v=1681492689 | https://cdn.shopify.com/s/files/1/0721/1086/6744/products/lisamarie_rubberwood_1_7.jpg?v=1681492689 | https://cdn.shopify.com/s/files/1/0721/1086/6744/products/lisamarie_rubberwood_1_8.jpg?v=1681492689 | https://cdn.shopify.com/s/files/1/0721/1086/6744/products/cutting_board_oil_28007418-b425-4ec1-ac56-4db546bae44a.jpg?v=1681492725,|  |  |  |  |  |  |  |,"{""tags"":[""beach"",""beach decor"",""beach house"",""blue"",""board"",""charcuterie"",""cutting board"",""gift"",""mothers day"",""nautical"",""ocean art"",""ocean board"",""ocean tray"",""resin_Art"",""rubberwood"",""serving tray"",""turquoise"",""waves""],""vendor"":""Artist Lisa Marie"",""productType"":""Cutting Board""}",,,https://artistlisamarie.com/products/ocean-wave-charcuterie-board,2026-07-08T05:35:29.144Z,2026-07-08T05:35:29.144Z,4bf7828538faacd8
artist-lisa-marie,resin,8242325553464,3D Waves Easter Decor,3d-waves-easter-decor,Wall Art,,"3D faux chocolate waves sealed with epoxy resin. This set can be used as decor on a shelf, mantle, or table. Both eggs are made with high-quality shimmering and sparkling pigments. Dimensions 16” L x 13"" W x 11/16” 12” L x 9 3/4” W x 9/16” Sculpted Panel Paint Epoxy Resin Care + Cleaning Avoid extremely hot or cold temperatures. Wipe with a dry microfiber cloth. Do not submerge in water. Please Note Each piece is unique and handcrafted. I take care in presenting the products' true colors, however, colors may appear slightly different in photos than they do in real life. Usually, the pieces are more vibrant and have more depth than what is shown in the photos. Though I pay incredible attention to detail and only sell finished piece's that I would be proud to own myself, small imperfections may occur due to the nature of working with wood & paint. If you have any issues with your purchased piece, please reach out immediately. My goal is for you to love and cherish your purchased artwork/home decor for many years to come!",129,129,INR,TRUE,,,,active,,https://cdn.shopify.com/s/files/1/0721/1086/6744/products/lisamarie_chocolate_eggs_1.jpg?v=1680898018 | https://cdn.shopify.com/s/files/1/0721/1086/6744/products/lisamarie_chocolate_eggs_2.jpg?v=1680898018 | https://cdn.shopify.com/s/files/1/0721/1086/6744/products/lisamarie_chocolate_eggs_3.jpg?v=1680898018 | https://cdn.shopify.com/s/files/1/0721/1086/6744/products/lisamarie_chocolate_eggs_4.jpg?v=1680898017,|  |  |,"{""tags"":[""3d art"",""abstract art"",""art"",""beach"",""easter"",""gift"",""holiday"",""housewarming"",""lisa marie"",""mantle art"",""nauticaldecor"",""ombré"",""serving platter"",""table decor"",""waves""],""vendor"":""Artist Lisa Marie"",""productType"":""Wall Art""}",,,https://artistlisamarie.com/products/3d-waves-easter-decor,2026-07-08T05:35:29.144Z,2026-07-08T05:35:29.144Z,f9cd11fd2f1a1ed3
artist-lisa-marie,resin,8216846467384,Ocean Waves Wall Rack,ocean-waves-wall-rack-1,Wall Rack,,"Versatile wall rack complete with shimmering blue ocean waves. Three layers of resin are on the front of this buttery side maple board. Seal-coated with resin on the back to prevent any warping from humidity changes. Brushed stainless steel hardware. Perfect for adding a nautical touch to your home decor! 24"" L x 6"" W x 1"" H Base Keyholes allow for a flush mount to your wall. Care + Cleaning Only the highest quality resin & pigments have been used. Although resistant to yellowing, this product is not recommended for continuous outdoor exposure to UV light. Avoid extremely hot or cold temperatures. Wipe with a solution of warm water and mild dish soap using a soft, microfiber cloth. Do not submerge in water. Restore resin's shine with a quality plastic clean & shine spray. Please Note: Each piece is unique and handcrafted. I take care in presenting the products' true colors, however, colors may appear slightly different in photos than they do in real life. Usually, the pieces are more vibrant and have more depth than what is shown in the photos. Though I pay incredible attention to detail and only sell finished piece's that I would be proud to own myself, small imperfections may occur due to the nature of working with resin. If you have any issues with your purchased piece, please reach out immediately. My goal is for you to love and cherish your purchased artwork/home decor for many years to come!",175,175,INR,TRUE,,,,out_of_stock,,https://cdn.shopify.com/s/files/1/0721/1086/6744/products/lisamarie_rack_2_1.jpg?v=1679540445 | https://cdn.shopify.com/s/files/1/0721/1086/6744/products/lisamarie_rack_2_2.jpg?v=1679540445 | https://cdn.shopify.com/s/files/1/0721/1086/6744/products/lisamarie_rack_2_3.jpg?v=1679540445,|  |,"{""tags"":[""blue"",""dup-review-publication"",""Functional Art"",""gift"",""housewarming"",""lisa marie"",""luxury"",""nautical"",""nauticaldecor"",""oceanboard"",""oceantray"",""resinart"",""servingtray"",""surfboard"",""wall rack"",""waves""],""vendor"":""Artist Lisa Marie"",""productType"":""Wall Rack""}",,,https://artistlisamarie.com/products/ocean-waves-wall-rack-1,2026-07-08T05:35:29.144Z,2026-07-08T05:35:29.144Z,8bd25af0deab58e1
artist-lisa-marie,resin,8216839389496,Ocean Waves Wall Rack,ocean-waves-wall-rack,Wall Rack,,"Versatile wall rack complete with shimmering turquoise ocean waves. Three layers of resin are on the front of this buttery side maple board. Seal-coated with resin on the back to prevent any warping from humidity changes. Brushed stainless steel hardware. Perfect for adding a nautical touch to your home decor! 24"" L x 6"" W x 1"" H Base Keyholes allow for a flush mount to your wall. Care + Cleaning Only the highest quality resin & pigments have been used. Although resistant to yellowing, this product is not recommended for continuous outdoor exposure to UV light. Avoid extremely hot or cold temperatures. Wipe with a solution of warm water and mild dish soap using a soft, microfiber cloth. Do not submerge in water. Restore resin's shine with a quality plastic clean & shine spray. Please Note: Each piece is unique and handcrafted. I take care in presenting the products' true colors, however, colors may appear slightly different in photos than they do in real life. Usually, the pieces are more vibrant and have more depth than what is shown in the photos. Though I pay incredible attention to detail and only sell finished piece's that I would be proud to own myself, small imperfections may occur due to the nature of working with resin. If you have any issues with your purchased piece, please reach out immediately. My goal is for you to love and cherish your purchased artwork/home decor for many years to come!",175,175,INR,TRUE,,,,out_of_stock,,https://cdn.shopify.com/s/files/1/0721/1086/6744/products/lisamarie_rack_3_3.jpg?v=1679540016 | https://cdn.shopify.com/s/files/1/0721/1086/6744/products/lisamarie_rack_3_4.jpg?v=1679540016 | https://cdn.shopify.com/s/files/1/0721/1086/6744/products/lisamarie_rack_3_5.jpg?v=1679540017,|  |,"{""tags"":[""dup-review-publication"",""Functional Art"",""gift"",""housewarming"",""lisa marie"",""nautical"",""nauticaldecor"",""oceanboard"",""oceantray"",""resinart"",""servingtray"",""surfboard"",""turquoise"",""wall rack"",""waves""],""vendor"":""Artist Lisa Marie"",""productType"":""Wall Rack""}",,,https://artistlisamarie.com/products/ocean-waves-wall-rack,2026-07-08T05:35:29.144Z,2026-07-08T05:35:29.144Z,51c97af2d04dcee3
artist-lisa-marie,resin,8206364737848,Michigan Copper Beach Wave Serving Tray,michigan-copper-beach-wave-serving-tray,Cutting Board,,"Michigan-shaped bamboo charcuterie board, complete with resin ocean waves. Perfect for adding a nautical touch to your home! Wood has been protected with food-grade mineral oil. Though this is also a cutting board, it is better used as a serving board. If used as a cutting board, avoid cutting over the resin as it will leave scratches. Comes with a 2 oz food-grade cutting board oil care kit. Dimensions 13.5"" L x 11.5” W x 5/8"" D Bamboo Resin Pigments Care + Cleaning Only the highest quality resin & pigments have been used. Although resistant to yellowing, this product is not recommended for continuous outdoor exposure to UV light. Avoid extremely hot or cold temperatures. Wipe with a solution of warm water and mild dish soap using a soft, microfiber cloth. Do not submerge in water. Restore resin's shine with a quality plastic clean & shine spray. Please Note Each piece is unique and handcrafted. I take care in presenting the products' true colors, however, colors may appear slightly different in photos than they do in real life. Usually, the pieces are more vibrant and have more depth than what is shown in the photos. Though I pay incredible attention to detail and only sell finished piece's that I would be proud to own myself, small imperfections may occur due to the nature of working with resin. If you have any issues with your purchased piece, please reach out immediately. My goal is for you to love and cherish your purchased artwork/home decor for many years to come!",85,85,INR,TRUE,,,,out_of_stock,,https://cdn.shopify.com/s/files/1/0721/1086/6744/products/lisamarie_copper_mi_1.jpg?v=1679365078 | https://cdn.shopify.com/s/files/1/0721/1086/6744/products/lisamarie_copper_mi_2.jpg?v=1679365078 | https://cdn.shopify.com/s/files/1/0721/1086/6744/products/lisamarie_copper_mi_3.jpg?v=1679365078 | https://cdn.shopify.com/s/files/1/0721/1086/6744/products/lisamarie_copper_mi_4.jpg?v=1679365078 | https://cdn.shopify.com/s/files/1/0721/1086/6744/products/cutting_board_oil.jpg?v=1679365513,|  |  |  |,"{""tags"":[""bamboo"",""beach tray"",""charcuterie"",""copper"",""cutting board"",""gift"",""lisa marie"",""Michigan"",""nautiical decor"",""ocean tray"",""resin art"",""serving tray"",""wave tray"",""waves""],""vendor"":""Artist Lisa Marie"",""productType"":""Cutting Board""}",,,https://artistlisamarie.com/products/michigan-copper-beach-wave-serving-tray,2026-07-08T05:35:29.144Z,2026-07-08T05:35:29.144Z,b04c6f1582d5ff6f
artist-lisa-marie,resin,8130962719032,Ocean Wave Lazy Susan & Charcuterie Board,ocean-wave-lazy-susan-charcuterie-board-functional-home-decor-serving-tray-resin-art,Lazy Susan,,"Acacia wood oversized lazy susan complete with 5 layers of blue ocean waves. Perfect for adding a touch of the ocean to your home! Wood lazy susan base. This piece should not be used as a cutting surface. Dimensions 20"" L x 20” W x 1 3/8"" H Wood Resin Pigments Care + Cleaning Only the highest quality resin & pigments have been used. Although resistant to yellowing, this product is not recommended for continuous outdoor exposure to UV light. Avoid extremely hot or cold temperatures. Wipe with a solution of warm water and mild dish soap using a soft, microfiber cloth. Do not submerge in water. Restore resin's shine with a quality plastic clean & shine spray. Please Note Each piece is unique and handcrafted. I take care in presenting the products' true colors, however, colors may appear slightly different in photos than they do in real life. Usually, the pieces are more vibrant and have more depth than what is shown in the photos. Though I pay incredible attention to detail and only sell finished piece's that I would be proud to own myself, small imperfections may occur due to the nature of working with resin. If you have any issues with your purchased piece, please reach out immediately. My goal is for you to love and cherish your purchased artwork/home decor for many years to come!",175,175,INR,TRUE,,,,out_of_stock,,https://cdn.shopify.com/s/files/1/0721/1086/6744/products/il_fullxfull.4437199572_nmmx.jpg?v=1675828792 | https://cdn.shopify.com/s/files/1/0721/1086/6744/products/il_fullxfull.4484547317_i11v.jpg?v=1675828792 | https://cdn.shopify.com/s/files/1/0721/1086/6744/products/il_fullxfull.4484547345_jt9y.jpg?v=1675828792 | https://cdn.shopify.com/s/files/1/0721/1086/6744/products/il_fullxfull.4437199850_n2h3.jpg?v=1675828792 | https://cdn.shopify.com/s/files/1/0721/1086/6744/products/il_fullxfull.4437199860_4gta.jpg?v=1675828792 | https://cdn.shopify.com/s/files/1/0721/1086/6744/products/il_fullxfull.4484547567_s2ms.jpg?v=1675828792,|  |  |  |  |,"{""tags"":[""beach"",""blue"",""board"",""charcuterie"",""cutting board"",""gift"",""lazy susan"",""lisa marie"",""ocean art"",""ocean board"",""ocean tray"",""resinart"",""round"",""wave tray"",""waves""],""vendor"":""Artist Lisa Marie"",""productType"":""Lazy Susan""}",,,https://artistlisamarie.com/products/ocean-wave-lazy-susan-charcuterie-board-functional-home-decor-serving-tray-resin-art,2026-07-08T05:35:29.144Z,2026-07-08T05:35:29.144Z,d8b719e9139e97ef
artist-lisa-marie,resin,8130967798072,Blue & White Abstract Art Coasters (Set of 2),blue-white-abstract-art-coasters-set-of-2-luxury-coasters-resin-coasters-resin-art-fluid-art-beach-decor,Stone,,"Abstract art coaster set, complete with shimmering blue pigments and three layers of epoxy resin. Handmade with love and one of a kind. Each coaster is unique! Only high-quality epoxy resin and pigments were used. Coasters are 4 inches in diameter and have a cork backing to protect your table surface from scratches. Shipping The set of 2 will be carefully wrapped in glassine & bubble wrap to protect the resin during shipping. Shipping from Clarkston, MI. Care + Cleaning Only the highest quality resin & pigments have been used. Although resistant to yellowing, this product is not recommended for continuous outdoor exposure to UV light. Avoid extreme hot or cold temperatures. Wipe with a solution of warm water and mild dish soap using a soft, microfiber cloth. Do not submerge in water. Restore resin's shine with a quality plastic clean & shine spray. Please Note Each piece is unique and handcrafted. I take care in presenting the products' true colors, however, colors may appear slight different in photos than they do in real life. Usually the pieces are more vibrant and have more depth than what is shown in the photos. Though I pay incredible attention to detail and only sell finished piece's that I would be proud to own myself, small imperfections may occur due to the nature of working with resin. If you have any issues with your purchased piece, please reach out immediately. My goal is for you to love and cherish your purchased artwork / home decor for many years to come!",25,25,INR,TRUE,,,,active,,https://cdn.shopify.com/s/files/1/0721/1086/6744/products/lisamarie_bluewhite_coasters_1.jpg?v=1679350980 | https://cdn.shopify.com/s/files/1/0721/1086/6744/products/lisamarie_bluewhite_coasters_2.jpg?v=1679350980 | https://cdn.shopify.com/s/files/1/0721/1086/6744/products/lisamarie_bluewhite_coasters_3.jpg?v=1679350980 | https://cdn.shopify.com/s/files/1/0721/1086/6744/products/lisamarie_coaster_back_f314da73-d3ce-461a-93fd-7e6ce5bacbfb.jpg?v=1679365875,|  |  |,"{""tags"":[""abstract art"",""barware"",""beach decor"",""blue"",""coaster"",""drink coasters"",""fluid art"",""gift"",""home decor"",""housewarming"",""lake house"",""lisa marie"",""resin art""],""vendor"":""Artist Lisa Marie"",""productType"":""Stone""}",,,https://artistlisamarie.com/products/blue-white-abstract-art-coasters-set-of-2-luxury-coasters-resin-coasters-resin-art-fluid-art-beach-decor,2026-07-08T05:35:29.144Z,2026-07-08T05:35:29.144Z,c39325be03d013ec
artist-lisa-marie,resin,8130967667000,Framed Ocean Painting,framed-ocean-painting-wave-wall-art-elegant-beach-decor-ocean-waves-resin-art-coastal-decor,Wall Art,,"One-of-a-kind resin art piece with ocean waves and a shimmering sand beach. Made with many layers of epoxy resin giving the artwork remarkable depth. Perfect for adding an elegant, unique, ocean-inspired artwork to your home. Made on a high-quality wood panel with an open back. This piece is ready to hang and will lay perfectly flush on your wall. Dimensions 13 13/16” L x 9 13/16"" W x 2"" D Wood Resin Pigments Paint Care + Cleaning Only the highest quality resin & pigments have been used. Although resistant to yellowing, this product is not recommended for continuous outdoor exposure to UV light. Avoid extremely hot or cold temperatures. Wipe with a solution of warm water and mild dish soap using a soft, microfiber cloth. Do not submerge in water. Restore resin's shine with a quality plastic clean & shine spray. Please Note Each piece is unique and handcrafted. I take care in presenting the products' true colors, however, colors may appear slightly different in photos than they do in real life. Usually, the pieces are more vibrant and have more depth than what is shown in the photos. Though I pay incredible attention to detail and only sell finished piece's that I would be proud to own myself, small imperfections may occur due to the nature of working with resin. If you have any issues with your purchased piece, please reach out immediately. My goal is for you to love and cherish your purchased artwork/home decor for many years to come!",175,175,INR,TRUE,,,,out_of_stock,,https://cdn.shopify.com/s/files/1/0721/1086/6744/products/lisamarie_ocean_wallart_1_1.jpg?v=1679705843 | https://cdn.shopify.com/s/files/1/0721/1086/6744/products/lisamarie_ocean_wallart_1_2.jpg?v=1679705842 | https://cdn.shopify.com/s/files/1/0721/1086/6744/products/lisamarie_ocean_wallart_1_3.jpg?v=1679705843 | https://cdn.shopify.com/s/files/1/0721/1086/6744/products/lisamarie_ocean_wallart_1_4.jpg?v=1679705844 | https://cdn.shopify.com/s/files/1/0721/1086/6744/products/lisamarie_ocean_wallart_1_5.jpg?v=1679705843 | https://cdn.shopify.com/s/files/1/0721/1086/6744/products/lisamarie_ocean_wallart_1_6.jpg?v=1679705843,|  |  |  |  |,"{""tags"":[""art"",""beach"",""beach decor"",""beach house"",""beach house decor"",""gift"",""home_decor"",""housewarming"",""lake"",""lisa marie"",""luxury"",""nautical"",""ocean art"",""painting"",""resin art"",""resinart"",""wall art""],""vendor"":""Artist Lisa Marie"",""productType"":""Wall Art""}",,,https://artistlisamarie.com/products/framed-ocean-painting-wave-wall-art-elegant-beach-decor-ocean-waves-resin-art-coastal-decor,2026-07-08T05:35:29.144Z,2026-07-08T05:35:29.144Z,2d077426911832e2
artist-lisa-marie,resin,8130967503160,Purple & Magenta Beach Coasters (Set of 4),purple-magenta-beach-coasters-set-of-4-beach-coasters-resin-beach-coasters-resin-art-nautical-gift-beach-decor,Coasters,,"Ocean wave resin art coaster set made with shimmering mica pigments. Handmade with love and one of a kind. Each coaster is unique. Only high-quality epoxy resin and pigments were used. Coasters are 4 inches in diameter and have a cork backing to protect your table surface from scratches. Shipping The set of 4 will be carefully wrapped in glassine & bubble wrap to protect the resin during shipping. Shipping from Clarkston, MI. Care + Cleaning Only the highest quality resin & pigments have been used. Although resistant to yellowing, this product is not recommended for continuous outdoor exposure to UV light. Avoid extreme hot or cold temperatures. Wipe with a solution of warm water and mild dish soap using a soft, microfiber cloth. Do not submerge in water. Restore resin's shine with a quality plastic clean & shine spray. Please Note Each piece is unique and handcrafted. I take care in presenting the products' true colors, however, colors may appear slightly different in photos than they do in real life. Usually, the pieces are more vibrant and have more depth than what is shown in the photos. Though I pay incredible attention to detail and only sell finished piece's that I would be proud to own myself, small imperfections may occur due to the nature of working with resin. If you have any issues with your purchased piece, please reach out immediately. My goal is for you to love and cherish your purchased artwork/home decor for many years to come!",40,40,INR,TRUE,,,,active,,https://cdn.shopify.com/s/files/1/0721/1086/6744/products/lisamarie_purple_magenta_coasters_1.jpg?v=1679942590 | https://cdn.shopify.com/s/files/1/0721/1086/6744/products/lisamarie_purple_magenta_coasters_2.jpg?v=1679942590 | https://cdn.shopify.com/s/files/1/0721/1086/6744/products/lisamarie_purple_magenta_coasters_3.jpg?v=1679942643 | https://cdn.shopify.com/s/files/1/0721/1086/6744/products/lisamarie_purple_magenta_coasters_4.jpg?v=1679942590 | https://cdn.shopify.com/s/files/1/0721/1086/6744/products/lisamarie_purple_magenta_coasters_5.jpg?v=1679942589 | https://cdn.shopify.com/s/files/1/0721/1086/6744/products/lisamarie_purple_magenta_coasters_6.jpg?v=1679942590 | https://cdn.shopify.com/s/files/1/0721/1086/6744/products/lisamarie_purple_magenta_coasters_7.jpg?v=1679942766 | https://cdn.shopify.com/s/files/1/0721/1086/6744/products/lisamarie_coaster_back_a249f5ca-79a8-4272-927d-0c281bd9d921.jpg?v=1679942600,|  |  |  |  |  |  |,"{""tags"":[""barware"",""beach"",""beachdecor"",""coaster"",""coasters"",""homedecor"",""lake"",""lakeart"",""lakehouse"",""lisa_marie"",""oceanwave"",""resinart"",""wavecoasters"",""waves""],""vendor"":""Artist Lisa Marie"",""productType"":""Coasters""}",,,https://artistlisamarie.com/products/purple-magenta-beach-coasters-set-of-4-beach-coasters-resin-beach-coasters-resin-art-nautical-gift-beach-decor,2026-07-08T05:35:29.144Z,2026-07-08T05:35:29.144Z,e7b48671c8377c5a
artist-lisa-marie,resin,8130967044408,Color-shifting Coasters (Set of 4),black-gold-purple-magenta-color-shifting-coasters-set-of-4-luxury-coasters-resin-coasters-resin-art-fluid-art,Coasters,,"Black, Gold, Purple & Magenta Color-shifting Coasters. Abstract art coaster set, complete with acrylic paint, color-shifting pigment, gold foil and and two layers of epoxy resin. Handmade with love and one of a kind. Each coaster is unique! Only high-quality epoxy resin, pigments, foil and paints were used. Coasters are 4 inches in diameter and have a cork backing to protect your table surface from scratches. Shipping The set of 4 will be carefully wrapped in glassine & bubble wrap to protect the resin during shipping. Shipping from Clarkston, MI. Care + Cleaning Only the highest quality resin & pigments have been used. Although resistant to yellowing, this product is not recommended for continuous outdoor exposure to UV light. Avoid extremely hot or cold temperatures. Wipe with a solution of warm water and mild dish soap using a soft, microfiber cloth. Do not submerge in water. Restore resin's shine with a quality plastic clean & shine spray. Please Note Each piece is unique and handcrafted. I take care in presenting the products' true colors, however, colors may appear slightly different in photos than they do in real life. Usually, the pieces are more vibrant and have more depth than what is shown in the photos. Though I pay incredible attention to detail and only sell finished piece's that I would be proud to own myself, small imperfections may occur due to the nature of working with resin. If you have any issues with your purchased piece, please reach out immediately. My goal is for you to love and cherish your purchased artwork/home decor for many years to come!",40,40,INR,TRUE,,,,active,,https://cdn.shopify.com/s/files/1/0721/1086/6744/products/il_fullxfull.3687748079_349c_1.webp?v=1680125573 | https://cdn.shopify.com/s/files/1/0721/1086/6744/products/il_fullxfull.3687754549_jsyz.webp?v=1680125573 | https://cdn.shopify.com/s/files/1/0721/1086/6744/products/il_fullxfull.3640138402_cr6c.webp?v=1680125573 | https://cdn.shopify.com/s/files/1/0721/1086/6744/products/il_fullxfull.3640138248_nik1.webp?v=1680125573 | https://cdn.shopify.com/s/files/1/0721/1086/6744/products/il_fullxfull.3687748115_rtrq.webp?v=1680125573 | https://cdn.shopify.com/s/files/1/0721/1086/6744/products/il_fullxfull.3687748169_7r9i.webp?v=1680125573 | https://cdn.shopify.com/s/files/1/0721/1086/6744/products/il_fullxfull.3687748187_3iiu.webp?v=1680125573 | https://cdn.shopify.com/s/files/1/0721/1086/6744/products/lisamarie_coaster_back_a7697c30-eed2-4558-b162-5aea552a6bc2.jpg?v=1680125593,|  |  |  |  |  |  |,"{""tags"":[""abstract art"",""barware"",""beach decor"",""black"",""christmas gift"",""coaster"",""coasters"",""drink_coasters"",""fall"",""fluid art"",""fuchsia"",""gift"",""gold"",""home decor"",""hostess gift"",""housewarming"",""lisa marie"",""luxury"",""resin art""],""vendor"":""Artist Lisa Marie"",""productType"":""Coasters""}",,,https://artistlisamarie.com/products/black-gold-purple-magenta-color-shifting-coasters-set-of-4-luxury-coasters-resin-coasters-resin-art-fluid-art,2026-07-08T05:35:29.144Z,2026-07-08T05:35:29.144Z,79d665ecc134c206
artist-lisa-marie,resin,8130965602616,Rainbow Coasters (Set of 4),rainbow-alcohol-ink-resin-coasters-set-of-4-abstract-art-beach-coasters-resin-beach-coasters-resin-art-luxury-gift,Coasters,,"Alcohol ink & resin coaster set made with vibrant, high-quality alcohol inks. Handmade with love and one of a kind. Each coaster is unique. Only high-quality epoxy resin and pigments were used. Coasters are 4 inches in diameter and have a cork backing to protect your table surface from scratches. Shipping The set of 4 will be carefully wrapped in glassine & bubble wrap to protect the resin during shipping. Shipping from Clarkston, MI. Care + Cleaning Only the highest quality resin & pigments have been used. Although resistant to yellowing, this product is not recommended for continuous outdoor exposure to UV light. Avoid extremely hot or cold temperatures. Wipe with a solution of warm water and mild dish soap using a soft, microfiber cloth. Do not submerge in water. Restore resin's shine with a quality plastic clean & shine spray. Please Note Each piece is unique and handcrafted. I take care in presenting the products' true colors, however, colors may appear slightly different in photos than they do in real life. Usually, the pieces are more vibrant and have more depth than what is shown in the photos. Though I pay incredible attention to detail and only sell finished piece's that I would be proud to own myself, small imperfections may occur due to the nature of working with resin. If you have any issues with your purchased piece, please reach out immediately. My goal is for you to love and cherish your purchased artwork/home decor for many years to come!",40,40,INR,TRUE,,,,out_of_stock,,https://cdn.shopify.com/s/files/1/0721/1086/6744/products/il_fullxfull.4459389553_fxau.jpg?v=1675828998 | https://cdn.shopify.com/s/files/1/0721/1086/6744/products/il_fullxfull.4412008236_cd0y.jpg?v=1675828998 | https://cdn.shopify.com/s/files/1/0721/1086/6744/products/il_fullxfull.4412008238_llhs.jpg?v=1675828998 | https://cdn.shopify.com/s/files/1/0721/1086/6744/products/il_fullxfull.4459389767_t4sh.jpg?v=1675828998 | https://cdn.shopify.com/s/files/1/0721/1086/6744/products/il_fullxfull.4459389829_thnu.jpg?v=1675828998 | https://cdn.shopify.com/s/files/1/0721/1086/6744/products/il_fullxfull.4412008440_j56v.jpg?v=1675828998 | https://cdn.shopify.com/s/files/1/0721/1086/6744/products/il_fullxfull.4412008478_hkzl.jpg?v=1675828998 | https://cdn.shopify.com/s/files/1/0721/1086/6744/products/il_fullxfull.2949846959_nr5e_e032af52-d855-4cd5-be94-89184f0943bd.jpg?v=1675828998,|  |  |  |  |  |  |,"{""tags"":[""abstract art"",""alcohol ink"",""barware"",""christmas gift"",""coaster"",""drink coasters"",""gift"",""home decor"",""hostess gift"",""lisa marie"",""pride"",""rainbow"",""resin art""],""vendor"":""Artist Lisa Marie"",""productType"":""Coasters""}",,,https://artistlisamarie.com/products/rainbow-alcohol-ink-resin-coasters-set-of-4-abstract-art-beach-coasters-resin-beach-coasters-resin-art-luxury-gift,2026-07-08T05:35:29.144Z,2026-07-08T05:35:29.144Z,c8a4e5f5db0625e5
artist-lisa-marie,resin,8130965176632,Shimmering Teal & Holographic Glitter Bamboo Pineapple,shimmering-teal-holographic-glitter-wave-bamboo-pineapple-serving-tray-charcuterie-board-cutting-board-resin-art-beach-decor,"bamboo,resin,pigments",,"Large pineapple shaped bamboo charcuterie board, complete with resin ocean waves. Perfect for adding a tropical touch to your home or party! Wood has been protected with food-grade mineral oil. Though this is also a cutting board, it is better used as a serving board. If used as a cutting board, avoid cutting over the resin as it will leave scratches. Comes with a 2 oz food-grade cutting board oil care kit. Dimensions 14 1/4"" L x 7 1/4"" W x 5/8"" D Wood Bamboo Care + Cleaning Only the highest quality resin & pigments have been used. Although resistant to yellowing, this product is not recommended for continuous outdoor exposure to UV light. Avoid extreme hot or cold temperatures. Wipe with a solution of warm water and mild dish soap using a soft, microfiber cloth. Do not submerge in water. Restore resin's shine with a quality plastic clean & shine spray. Please Note Each piece is unique and handcrafted. I take care in presenting the products' true colors, however, colors may appear slight different in photos than they do in real life. Usually the pieces are more vibrant and have more depth than what is shown in the photos. Though I pay incredible attention to detail and only sell finished piece's that I would be proud to own myself, small imperfections may occur due to the nature of working with resin. If you have any issues with your purchased piece, please reach out immediately. My goal is for you to love and cherish your purchased artwork / home decor for many years to come!",60,60,INR,TRUE,,,,active,,https://cdn.shopify.com/s/files/1/0721/1086/6744/files/C35F2B4C-FF56-4403-A680-5D4FB50F6578.jpg?v=1702016380 | https://cdn.shopify.com/s/files/1/0721/1086/6744/products/il_fullxfull.4475481115_71is.jpg?v=1702016379 | https://cdn.shopify.com/s/files/1/0721/1086/6744/products/il_fullxfull.4475481105_5kac.jpg?v=1702016379 | https://cdn.shopify.com/s/files/1/0721/1086/6744/products/il_fullxfull.4428122402_8p8g.jpg?v=1702016379 | https://cdn.shopify.com/s/files/1/0721/1086/6744/products/il_fullxfull.4475481433_j55g.jpg?v=1702016379 | https://cdn.shopify.com/s/files/1/0721/1086/6744/products/il_fullxfull.3718259429_jq4r_aa730639-9a83-456e-a1b2-cb3037aadf41.jpg?v=1702016379,|  |  |  |  |,"{""tags"":[""beach"",""beachcuttingboard"",""beachtray"",""board"",""charcuterie"",""cutting board"",""cuttingboard"",""oceanboard"",""oceantray"",""pineapple"",""resinart"",""servingtray"",""tropical"",""waves"",""wavetray""],""vendor"":""Artist Lisa Marie"",""productType"":""bamboo,resin,pigments""}",,,https://artistlisamarie.com/products/shimmering-teal-holographic-glitter-wave-bamboo-pineapple-serving-tray-charcuterie-board-cutting-board-resin-art-beach-decor,2026-07-08T05:35:29.144Z,2026-07-08T05:35:29.144Z,5c4ee715a76293d5
artist-lisa-marie,resin,8130965111096,"Blue, Turquoise & Holographic Glitter Pineapple Serving Tray",blue-turquoise-holographic-glitter-wave-bamboo-pineapple-serving-tray-charcuterie-board-cutting-board-resin-art-beach-decor,Cutting Board,,"Large pineapple-shaped bamboo charcuterie board, complete with blue, turquoise & holographic glitter resin ocean waves. Perfect for adding a tropical touch to your home or party! Wood has been protected with food-grade mineral oil. Though this is also a cutting board, it is better used as a serving board. If used as a cutting board, avoid cutting over the resin as it will leave scratches. Comes with a 2 oz food-grade cutting board oil care kit. Dimensions 14 1/4"" L x 7 1/4"" W x 5/8"" D Wood Bamboo Care + Cleaning Only the highest quality resin & pigments have been used. Although resistant to yellowing, this product is not recommended for continuous outdoor exposure to UV light. Avoid extremely hot or cold temperatures. Wipe with a solution of warm water and mild dish soap using a soft, microfiber cloth. Do not submerge in water. Restore resin's shine with a quality plastic clean & shine spray. Please Note Each piece is unique and handcrafted. I take care in presenting the products' true colors, however, colors may appear slightly different in photos than they do in real life. Usually, the pieces are more vibrant and have more depth than what is shown in the photos. Though I pay incredible attention to detail and only sell finished piece's that I would be proud to own myself, small imperfections may occur due to the nature of working with resin. If you have any issues with your purchased piece, please reach out immediately. My goal is for you to love and cherish your purchased artwork/home decor for many years to come!",60,60,INR,TRUE,,,,active,,https://cdn.shopify.com/s/files/1/0721/1086/6744/files/95E58E08-4F8F-468F-AD82-720CF079B211.jpg?v=1702016336 | https://cdn.shopify.com/s/files/1/0721/1086/6744/products/il_fullxfull.4428142866_s20k.jpg?v=1702016335 | https://cdn.shopify.com/s/files/1/0721/1086/6744/products/il_fullxfull.4428142764_lmmh.jpg?v=1702016335 | https://cdn.shopify.com/s/files/1/0721/1086/6744/products/il_fullxfull.4428142738_m7c7.jpg?v=1702016335 | https://cdn.shopify.com/s/files/1/0721/1086/6744/products/il_fullxfull.4475501787_1jwq.jpg?v=1702016335 | https://cdn.shopify.com/s/files/1/0721/1086/6744/products/il_fullxfull.3718259429_jq4r_dfbdcc34-b05a-4f08-ac3f-ac248c8af206.jpg?v=1702016335,|  |  |  |  |,"{""tags"":[""beach"",""beach tray"",""blue"",""charcuterie"",""cutting board"",""lisa marie"",""ocean board"",""ocean tray"",""pineapple"",""resin art"",""serving tray"",""tropical"",""turquoise"",""wave tray"",""waves""],""vendor"":""Artist Lisa Marie"",""productType"":""Cutting Board""}",,,https://artistlisamarie.com/products/blue-turquoise-holographic-glitter-wave-bamboo-pineapple-serving-tray-charcuterie-board-cutting-board-resin-art-beach-decor,2026-07-08T05:35:29.144Z,2026-07-08T05:35:29.144Z,6ccc6dd0baf34075
artist-lisa-marie,resin,8130965012792,Turquoise Ocean X-Large Wave Magnet,turquoise-ocean-x-large-wave-magnet-bamboo-beach-magnet-resin-magnet-resin-art-nautical-gift-beach-decor-ocean-art,"paint,wood,resin,cork,magnet",,"Ocean wave resin art on bamboo wood. Handmade with love and one of a kind. Each magnet is unique. Only high-quality epoxy resin and pigments were used and each piece features a heavy duty magnet. The magnet is 3 3/4 inches in diameter. Shipping Each magnet will be carefully wrapped in glassine & bubble wrap to protect the resin during shipping. Shipping from Clarkston, MI. Care + Cleaning Only the highest quality resin & pigments have been used. Although resistant to yellowing, this product is not recommended for continuous outdoor exposure to UV light. Avoid extreme hot or cold temperatures. Wipe with a solution of warm water and mild dish soap using a soft, microfiber cloth. Do not submerge in water. Restore resin's shine with a quality plastic clean & shine spray. Please Note Each piece is unique and handcrafted. I take care in presenting the products' true colors, however, colors may appear slight different in photos than they do in real life. Usually the pieces are more vibrant and have more depth than what is shown in the photos. Though I pay incredible attention to detail and only sell finished piece's that I would be proud to own myself, small imperfections may occur due to the nature of working with resin. If you have any issues with your purchased piece, please reach out immediately. My goal is for you to love and cherish your purchased artwork / home decor for many years to come!",15,15,INR,TRUE,,,,active,,https://cdn.shopify.com/s/files/1/0721/1086/6744/products/il_fullxfull.4475725677_hy2q.jpg?v=1675828927 | https://cdn.shopify.com/s/files/1/0721/1086/6744/products/il_fullxfull.4428367982_5h99.jpg?v=1675828927 | https://cdn.shopify.com/s/files/1/0721/1086/6744/products/il_fullxfull.3516302181_hgtx_83d5f0f2-dcb0-42f8-91af-7ed4a41a3fd9.jpg?v=1675828927,|  |,"{""tags"":[""beachdecor"",""beachmagnet"",""homedecor"",""lake"",""lakeart"",""lakehouse"",""lisa_marie"",""magnet"",""ocean_magnet"",""oceanart"",""oceanmagnet"",""oceanwave"",""resin_magnet""],""vendor"":""Artist Lisa Marie"",""productType"":""paint,wood,resin,cork,magnet""}",,,https://artistlisamarie.com/products/turquoise-ocean-x-large-wave-magnet-bamboo-beach-magnet-resin-magnet-resin-art-nautical-gift-beach-decor-ocean-art,2026-07-08T05:35:29.144Z,2026-07-08T05:35:29.144Z,8378744eec3835ee
artist-lisa-marie,resin,8130964881720,Michigan Beach Wave Serving Tray,michigan-beach-wave-serving-tray-charcuterie-board-cutting-board-functional-home-decor-beach-decor-lake-house-decor-resin-art,Cutting Boards,,"Michigan-shaped bamboo charcuterie board, complete with resin ocean waves. Perfect for adding a nautical touch to your home! Wood has been protected with food-grade mineral oil. Though this is also a cutting board, it is better used as a serving board. If used as a cutting board, avoid cutting over the resin as it will leave scratches. Comes with a 2 oz food-grade cutting board oil care kit. Dimensions 13.5"" L x 11.5” W x 5/8"" D Bamboo Resin Pigments Care + Cleaning Only the highest quality resin & pigments have been used. Although resistant to yellowing, this product is not recommended for continuous outdoor exposure to UV light. Avoid extremely hot or cold temperatures. Wipe with a solution of warm water and mild dish soap using a soft, microfiber cloth. Do not submerge in water. Restore resin's shine with a quality plastic clean & shine spray. Please Note Each piece is unique and handcrafted. I take care in presenting the products' true colors, however, colors may appear slightly different in photos than they do in real life. Usually, the pieces are more vibrant and have more depth than what is shown in the photos. Though I pay incredible attention to detail and only sell finished piece's that I would be proud to own myself, small imperfections may occur due to the nature of working with resin. If you have any issues with your purchased piece, please reach out immediately. My goal is for you to love and cherish your purchased artwork/home decor for many years to come!",85,85,INR,TRUE,,,,out_of_stock,,https://cdn.shopify.com/s/files/1/0721/1086/6744/products/lisamarie_blue_michignan_1_6.jpg?v=1680125123 | https://cdn.shopify.com/s/files/1/0721/1086/6744/products/lisamarie_blue_michignan_1_1.jpg?v=1680125123 | https://cdn.shopify.com/s/files/1/0721/1086/6744/products/lisamarie_blue_michignan_1_2.jpg?v=1680125123 | https://cdn.shopify.com/s/files/1/0721/1086/6744/products/lisamarie_blue_michignan_1_3.jpg?v=1680125123 | https://cdn.shopify.com/s/files/1/0721/1086/6744/products/lisamarie_blue_michignan_1_4.jpg?v=1680125123 | https://cdn.shopify.com/s/files/1/0721/1086/6744/products/lisamarie_blue_michignan_1_5.jpg?v=1680125123 | https://cdn.shopify.com/s/files/1/0721/1086/6744/products/cutting_board_oil_0ccbf093-b367-44ce-84b3-88bb951922a1.jpg?v=1680125238,|  |  |  |  |  |,"{""tags"":[""beach house"",""beach tray"",""blue"",""charcuterie"",""cutting board"",""gift"",""housewarming"",""lisa marie"",""Michigan"",""nautical decor"",""ocean art"",""ocean tray"",""resin art"",""serving tray"",""wave tray"",""waves""],""vendor"":""Artist Lisa Marie"",""productType"":""Cutting Boards""}",,,https://artistlisamarie.com/products/michigan-beach-wave-serving-tray-charcuterie-board-cutting-board-functional-home-decor-beach-decor-lake-house-decor-resin-art,2026-07-08T05:35:29.144Z,2026-07-08T05:35:29.144Z,b943c3b08bc0137c
artist-lisa-marie,resin,8130964193592,Sea Green Ocean X-Large Wave Magnet,sea-green-ocean-x-large-wave-magnet-bamboo-beach-magnet-resin-magnet-resin-art-nautical-gift-beach-decor-ocean-art,"paint,wood,resin,cork,magnet",,"Ocean wave resin art on bamboo wood. Handmade with love and one of a kind. Each magnet is unique. Only high-quality epoxy resin and pigments were used and each piece features a heavy duty magnet. The magnet is 3 3/4 inches in diameter. Shipping Each magnet will be carefully wrapped in glassine & bubble wrap to protect the resin during shipping. Shipping from Clarkston, MI. Care + Cleaning Only the highest quality resin & pigments have been used. Although resistant to yellowing, this product is not recommended for continuous outdoor exposure to UV light. Avoid extreme hot or cold temperatures. Wipe with a solution of warm water and mild dish soap using a soft, microfiber cloth. Do not submerge in water. Restore resin's shine with a quality plastic clean & shine spray. Please Note Each piece is unique and handcrafted. I take care in presenting the products' true colors, however, colors may appear slight different in photos than they do in real life. Usually the pieces are more vibrant and have more depth than what is shown in the photos. Though I pay incredible attention to detail and only sell finished piece's that I would be proud to own myself, small imperfections may occur due to the nature of working with resin. If you have any issues with your purchased piece, please reach out immediately. My goal is for you to love and cherish your purchased artwork / home decor for many years to come!",15,15,INR,TRUE,,,,active,,https://cdn.shopify.com/s/files/1/0721/1086/6744/products/il_fullxfull.4428874784_9v1y.jpg?v=1675828872 | https://cdn.shopify.com/s/files/1/0721/1086/6744/products/il_fullxfull.4428874880_2pq3.jpg?v=1675828872 | https://cdn.shopify.com/s/files/1/0721/1086/6744/products/il_fullxfull.3516302181_hgtx_5c9f3666-86c1-43b3-93d9-46ac82fdb160.jpg?v=1675828872,|  |,"{""tags"":[""beachdecor"",""beachmagnet"",""homedecor"",""lake"",""lakeart"",""lakehouse"",""lisa_marie"",""magnet"",""ocean_magnet"",""oceanart"",""oceanmagnet"",""oceanwave"",""resin_magnet""],""vendor"":""Artist Lisa Marie"",""productType"":""paint,wood,resin,cork,magnet""}",,,https://artistlisamarie.com/products/sea-green-ocean-x-large-wave-magnet-bamboo-beach-magnet-resin-magnet-resin-art-nautical-gift-beach-decor-ocean-art,2026-07-08T05:35:29.144Z,2026-07-08T05:35:29.144Z,731a9540f2f43684
artist-lisa-marie,resin,8130963177784,Turquoise and Blue Ocean Waves Surfboard,turquoise-and-blue-ocean-waves-on-hardwood-surfboard-serving-tray-charcuterie-board-wall-art-resin-art-beach-decor,"hardwood,resin,pigments",,"Large hardwood surfboard complete with three 3D layers of resin ocean waves. Perfect for adding a nautical touch to your home decor! Wood has been protected with food-grade mineral oil. Comes with a 2 oz food-grade cutting board oil care kit. 22 1/2"" L x 7 1/4"" W x 5/8"" H Care + Cleaning Only the highest quality resin & pigments have been used. Although resistant to yellowing, this product is not recommended for continuous outdoor exposure to UV light. Avoid extreme hot or cold temperatures. Wipe with a solution of warm water and mild dish soap using a soft, microfiber cloth. Do not submerge in water. Restore resin's shine with a quality plastic clean & shine spray. Please Note Each piece is unique and handcrafted. I take care in presenting the products' true colors, however, colors may appear slight different in photos than they do in real life. Usually the pieces are more vibrant and have more depth than what is shown in the photos. Though I pay incredible attention to detail and only sell finished piece's that I would be proud to own myself, small imperfections may occur due to the nature of working with resin. If you have any issues with your purchased piece, please reach out immediately. My goal is for you to love and cherish your purchased artwork / home decor for many years to come!",119,119,INR,TRUE,,,,active,,https://cdn.shopify.com/s/files/1/0721/1086/6744/products/il_fullxfull.4437126544_lp9j.jpg?v=1675828816 | https://cdn.shopify.com/s/files/1/0721/1086/6744/products/il_fullxfull.4437234304_521l.jpg?v=1675828816 | https://cdn.shopify.com/s/files/1/0721/1086/6744/products/il_fullxfull.4484581969_2ag0.jpg?v=1675828816 | https://cdn.shopify.com/s/files/1/0721/1086/6744/products/il_fullxfull.4437126342_ifms.jpg?v=1675828816 | https://cdn.shopify.com/s/files/1/0721/1086/6744/products/il_fullxfull.3670656754_b6k0_ba9b0b11-0485-4453-b379-4fd4d386f574.jpg?v=1675828816,|  |  |  |,"{""tags"":[""board"",""cutting board"",""gift"",""housewarming"",""lisa_marie"",""lisamarie"",""nautical"",""nauticaldecor"",""oceanboard"",""oceantray"",""resinart"",""servingtray"",""surfboard"",""waveboard"",""waves"",""wavetray""],""vendor"":""Artist Lisa Marie"",""productType"":""hardwood,resin,pigments""}",,,https://artistlisamarie.com/products/turquoise-and-blue-ocean-waves-on-hardwood-surfboard-serving-tray-charcuterie-board-wall-art-resin-art-beach-decor,2026-07-08T05:35:29.144Z,2026-07-08T05:35:29.144Z,907b31b78754e5d3
